Cell_ID,Nucleus_Area_Total,Cytoplasm_Area,Area_Ratio,Source_File,Group
1,592,5397,0.109690569,AX4_DAPI_E10_20181011_2_nuc_cyto_area_ratio_FINAL.csv,AX4
2,478,5109,0.093560384,AX4_DAPI_E10_20181011_2_nuc_cyto_area_ratio_FINAL.csv,AX4
3,608,5866,0.103648142,AX4_DAPI_E10_20181011_2_nuc_cyto_area_ratio_FINAL.csv,AX4
1,550,3203,0.171714018,AX4_DAPI_E12_20181201_nuc_cyto_area_ratio_FINAL.csv,AX4
2,581,6760,0.085946746,AX4_DAPI_E12_20181201_nuc_cyto_area_ratio_FINAL.csv,AX4
3,782,5137,0.152228927,AX4_DAPI_E12_20181201_nuc_cyto_area_ratio_FINAL.csv,AX4
4,541,4014,0.134778276,AX4_DAPI_E12_20181201_nuc_cyto_area_ratio_FINAL.csv,AX4
5,456,2428,0.187808896,AX4_DAPI_E12_20181201_nuc_cyto_area_ratio_FINAL.csv,AX4
6,364,9119,0.039916658,AX4_DAPI_E12_20181201_nuc_cyto_area_ratio_FINAL.csv,AX4
7,373,5761,0.064745704,AX4_DAPI_E12_20181201_nuc_cyto_area_ratio_FINAL.csv,AX4
8,338,3822,0.088435374,AX4_DAPI_E12_20181201_nuc_cyto_area_ratio_FINAL.csv,AX4
9,588,4345,0.135327963,AX4_DAPI_E12_20181201_nuc_cyto_area_ratio_FINAL.csv,AX4
10,327,4497,0.072715143,AX4_DAPI_E12_20181201_nuc_cyto_area_ratio_FINAL.csv,AX4
11,324,5218,0.062092756,AX4_DAPI_E12_20181201_nuc_cyto_area_ratio_FINAL.csv,AX4
12,468,11643,0.040195826,AX4_DAPI_E12_20181201_nuc_cyto_area_ratio_FINAL.csv,AX4
13,267,3413,0.078230296,AX4_DAPI_E12_20181201_nuc_cyto_area_ratio_FINAL.csv,AX4
14,764,6408,0.119225968,AX4_DAPI_E12_20181201_nuc_cyto_area_ratio_FINAL.csv,AX4
15,311,5798,0.053639186,AX4_DAPI_E12_20181201_nuc_cyto_area_ratio_FINAL.csv,AX4
16,404,4191,0.096397041,AX4_DAPI_E12_20181201_nuc_cyto_area_ratio_FINAL.csv,AX4
17,377,5017,0.075144509,AX4_DAPI_E12_20181201_nuc_cyto_area_ratio_FINAL.csv,AX4
18,514,3819,0.134590207,AX4_DAPI_E12_20181201_nuc_cyto_area_ratio_FINAL.csv,AX4
19,231,2210,0.104524887,AX4_DAPI_E12_20181201_nuc_cyto_area_ratio_FINAL.csv,AX4
20,215,2504,0.08586262,AX4_DAPI_E12_20181201_nuc_cyto_area_ratio_FINAL.csv,AX4
21,312,3768,0.082802548,AX4_DAPI_E12_20181201_nuc_cyto_area_ratio_FINAL.csv,AX4
22,176,3050,0.057704918,AX4_DAPI_E12_20181201_nuc_cyto_area_ratio_FINAL.csv,AX4
23,205,2594,0.079028527,AX4_DAPI_E12_20181201_nuc_cyto_area_ratio_FINAL.csv,AX4
24,348,11339,0.030690537,AX4_DAPI_E12_20181201_nuc_cyto_area_ratio_FINAL.csv,AX4
25,170,1528,0.111256545,AX4_DAPI_E12_20181201_nuc_cyto_area_ratio_FINAL.csv,AX4
26,171,2071,0.082568807,AX4_DAPI_E12_20181201_nuc_cyto_area_ratio_FINAL.csv,AX4
27,333,7087,0.046987442,AX4_DAPI_E12_20181201_nuc_cyto_area_ratio_FINAL.csv,AX4
28,364,4997,0.072843706,AX4_DAPI_E12_20181201_nuc_cyto_area_ratio_FINAL.csv,AX4
29,429,7846,0.054677543,AX4_DAPI_E12_20181201_nuc_cyto_area_ratio_FINAL.csv,AX4
30,445,8060,0.055210918,AX4_DAPI_E12_20181201_nuc_cyto_area_ratio_FINAL.csv,AX4
31,162,2717,0.059624586,AX4_DAPI_E12_20181201_nuc_cyto_area_ratio_FINAL.csv,AX4
32,166,2523,0.065794689,AX4_DAPI_E12_20181201_nuc_cyto_area_ratio_FINAL.csv,AX4
33,316,23047,0.013711112,AX4_DAPI_E12_20181201_nuc_cyto_area_ratio_FINAL.csv,AX4
34,156,1138,0.137082601,AX4_DAPI_E12_20181201_nuc_cyto_area_ratio_FINAL.csv,AX4
35,164,1409,0.116394606,AX4_DAPI_E12_20181201_nuc_cyto_area_ratio_FINAL.csv,AX4
36,250,2807,0.089063057,AX4_DAPI_E12_20181201_nuc_cyto_area_ratio_FINAL.csv,AX4
37,290,6531,0.044403614,AX4_DAPI_E12_20181201_nuc_cyto_area_ratio_FINAL.csv,AX4
38,275,2056,0.133754864,AX4_DAPI_E12_20181201_nuc_cyto_area_ratio_FINAL.csv,AX4
39,137,6163,0.022229434,AX4_DAPI_E12_20181201_nuc_cyto_area_ratio_FINAL.csv,AX4
40,145,2287,0.063401836,AX4_DAPI_E12_20181201_nuc_cyto_area_ratio_FINAL.csv,AX4
41,280,5407,0.051784724,AX4_DAPI_E12_20181201_nuc_cyto_area_ratio_FINAL.csv,AX4
42,148,5129,0.028855527,AX4_DAPI_E12_20181201_nuc_cyto_area_ratio_FINAL.csv,AX4
43,144,1832,0.07860262,AX4_DAPI_E12_20181201_nuc_cyto_area_ratio_FINAL.csv,AX4
44,393,2527,0.15552038,AX4_DAPI_E12_20181201_nuc_cyto_area_ratio_FINAL.csv,AX4
45,278,2332,0.119210978,AX4_DAPI_E12_20181201_nuc_cyto_area_ratio_FINAL.csv,AX4
46,126,3915,0.032183908,AX4_DAPI_E12_20181201_nuc_cyto_area_ratio_FINAL.csv,AX4
47,127,2954,0.042992552,AX4_DAPI_E12_20181201_nuc_cyto_area_ratio_FINAL.csv,AX4
48,247,8095,0.030512662,AX4_DAPI_E12_20181201_nuc_cyto_area_ratio_FINAL.csv,AX4
49,124,2762,0.044895004,AX4_DAPI_E12_20181201_nuc_cyto_area_ratio_FINAL.csv,AX4
50,231,2610,0.088505747,AX4_DAPI_E12_20181201_nuc_cyto_area_ratio_FINAL.csv,AX4
51,122,998,0.122244489,AX4_DAPI_E12_20181201_nuc_cyto_area_ratio_FINAL.csv,AX4
52,146,2007,0.072745391,AX4_DAPI_E12_20181201_nuc_cyto_area_ratio_FINAL.csv,AX4
53,128,1803,0.07099279,AX4_DAPI_E12_20181201_nuc_cyto_area_ratio_FINAL.csv,AX4
54,124,7028,0.017643711,AX4_DAPI_E12_20181201_nuc_cyto_area_ratio_FINAL.csv,AX4
55,129,2094,0.061604585,AX4_DAPI_E12_20181201_nuc_cyto_area_ratio_FINAL.csv,AX4
56,298,5905,0.050465707,AX4_DAPI_E12_20181201_nuc_cyto_area_ratio_FINAL.csv,AX4
57,106,7957,0.013321604,AX4_DAPI_E12_20181201_nuc_cyto_area_ratio_FINAL.csv,AX4
58,109,1867,0.058382432,AX4_DAPI_E12_20181201_nuc_cyto_area_ratio_FINAL.csv,AX4
59,228,1947,0.117103236,AX4_DAPI_E12_20181201_nuc_cyto_area_ratio_FINAL.csv,AX4
60,112,2931,0.038212214,AX4_DAPI_E12_20181201_nuc_cyto_area_ratio_FINAL.csv,AX4
61,118,1032,0.114341085,AX4_DAPI_E12_20181201_nuc_cyto_area_ratio_FINAL.csv,AX4
62,221,1784,0.123878924,AX4_DAPI_E12_20181201_nuc_cyto_area_ratio_FINAL.csv,AX4
63,100,948,0.105485232,AX4_DAPI_E12_20181201_nuc_cyto_area_ratio_FINAL.csv,AX4
64,108,2040,0.052941176,AX4_DAPI_E12_20181201_nuc_cyto_area_ratio_FINAL.csv,AX4
65,161,1815,0.088705234,AX4_DAPI_E12_20181201_nuc_cyto_area_ratio_FINAL.csv,AX4
66,115,2777,0.041411595,AX4_DAPI_E12_20181201_nuc_cyto_area_ratio_FINAL.csv,AX4
67,246,2463,0.099878197,AX4_DAPI_E12_20181201_nuc_cyto_area_ratio_FINAL.csv,AX4
68,195,1639,0.118974985,AX4_DAPI_E12_20181201_nuc_cyto_area_ratio_FINAL.csv,AX4
69,110,3688,0.029826464,AX4_DAPI_E12_20181201_nuc_cyto_area_ratio_FINAL.csv,AX4
70,106,1704,0.062206573,AX4_DAPI_E12_20181201_nuc_cyto_area_ratio_FINAL.csv,AX4
71,81,4722,0.017153748,AX4_DAPI_E12_20181201_nuc_cyto_area_ratio_FINAL.csv,AX4
72,95,1301,0.073020753,AX4_DAPI_E12_20181201_nuc_cyto_area_ratio_FINAL.csv,AX4
73,95,9671,0.009823183,AX4_DAPI_E12_20181201_nuc_cyto_area_ratio_FINAL.csv,AX4
74,100,2881,0.03471017,AX4_DAPI_E12_20181201_nuc_cyto_area_ratio_FINAL.csv,AX4
75,94,1393,0.067480258,AX4_DAPI_E12_20181201_nuc_cyto_area_ratio_FINAL.csv,AX4
76,117,5612,0.020848182,AX4_DAPI_E12_20181201_nuc_cyto_area_ratio_FINAL.csv,AX4
77,164,1083,0.15143121,AX4_DAPI_E12_20181201_nuc_cyto_area_ratio_FINAL.csv,AX4
78,114,5085,0.022418879,AX4_DAPI_E12_20181201_nuc_cyto_area_ratio_FINAL.csv,AX4
79,127,897,0.141583055,AX4_DAPI_E12_20181201_nuc_cyto_area_ratio_FINAL.csv,AX4
80,66,1821,0.036243822,AX4_DAPI_E12_20181201_nuc_cyto_area_ratio_FINAL.csv,AX4
81,57,6030,0.009452736,AX4_DAPI_E12_20181201_nuc_cyto_area_ratio_FINAL.csv,AX4
1,286,2226,0.128481581,AX4_DAPI_E13_20190127_nuc_cyto_area_ratio_FINAL.csv,AX4
2,254,1983,0.128088754,AX4_DAPI_E13_20190127_nuc_cyto_area_ratio_FINAL.csv,AX4
3,219,1762,0.124290579,AX4_DAPI_E13_20190127_nuc_cyto_area_ratio_FINAL.csv,AX4
4,228,2078,0.109720885,AX4_DAPI_E13_20190127_nuc_cyto_area_ratio_FINAL.csv,AX4
5,204,1462,0.139534884,AX4_DAPI_E13_20190127_nuc_cyto_area_ratio_FINAL.csv,AX4
6,243,2239,0.108530594,AX4_DAPI_E13_20190127_nuc_cyto_area_ratio_FINAL.csv,AX4
7,351,2526,0.138954869,AX4_DAPI_E13_20190127_nuc_cyto_area_ratio_FINAL.csv,AX4
8,162,1947,0.083204931,AX4_DAPI_E13_20190127_nuc_cyto_area_ratio_FINAL.csv,AX4
9,160,1939,0.082516761,AX4_DAPI_E13_20190127_nuc_cyto_area_ratio_FINAL.csv,AX4
10,299,2363,0.126534067,AX4_DAPI_E13_20190127_nuc_cyto_area_ratio_FINAL.csv,AX4
11,175,1981,0.088339223,AX4_DAPI_E13_20190127_nuc_cyto_area_ratio_FINAL.csv,AX4
12,192,2069,0.092798453,AX4_DAPI_E13_20190127_nuc_cyto_area_ratio_FINAL.csv,AX4
13,151,1927,0.078360145,AX4_DAPI_E13_20190127_nuc_cyto_area_ratio_FINAL.csv,AX4
14,212,1513,0.140118969,AX4_DAPI_E13_20190127_nuc_cyto_area_ratio_FINAL.csv,AX4
15,136,1883,0.072225173,AX4_DAPI_E13_20190127_nuc_cyto_area_ratio_FINAL.csv,AX4
16,359,3018,0.118952949,AX4_DAPI_E13_20190127_nuc_cyto_area_ratio_FINAL.csv,AX4
17,127,1845,0.068834688,AX4_DAPI_E13_20190127_nuc_cyto_area_ratio_FINAL.csv,AX4
18,178,2053,0.086702387,AX4_DAPI_E13_20190127_nuc_cyto_area_ratio_FINAL.csv,AX4
19,93,1361,0.068332109,AX4_DAPI_E13_20190127_nuc_cyto_area_ratio_FINAL.csv,AX4
1,1199,8693,0.137927068,AX4_DAPI_E1_2018_02_20_nuc_cyto_area_ratio_FINAL.csv,AX4
2,962,11288,0.085223246,AX4_DAPI_E1_2018_02_20_nuc_cyto_area_ratio_FINAL.csv,AX4
3,925,8327,0.111084424,AX4_DAPI_E1_2018_02_20_nuc_cyto_area_ratio_FINAL.csv,AX4
4,846,7616,0.111081933,AX4_DAPI_E1_2018_02_20_nuc_cyto_area_ratio_FINAL.csv,AX4
5,766,10875,0.070436782,AX4_DAPI_E1_2018_02_20_nuc_cyto_area_ratio_FINAL.csv,AX4
1,404,3897,0.103669489,AX4_DAPI_E21_20190305_nuc_cyto_area_ratio_FINAL.csv,AX4
2,241,3843,0.062711423,AX4_DAPI_E21_20190305_nuc_cyto_area_ratio_FINAL.csv,AX4
3,375,2848,0.131671348,AX4_DAPI_E21_20190305_nuc_cyto_area_ratio_FINAL.csv,AX4
4,264,4274,0.061768835,AX4_DAPI_E21_20190305_nuc_cyto_area_ratio_FINAL.csv,AX4
5,449,3753,0.119637623,AX4_DAPI_E21_20190305_nuc_cyto_area_ratio_FINAL.csv,AX4
6,213,5442,0.039140022,AX4_DAPI_E21_20190305_nuc_cyto_area_ratio_FINAL.csv,AX4
7,382,4438,0.086074808,AX4_DAPI_E21_20190305_nuc_cyto_area_ratio_FINAL.csv,AX4
8,415,3118,0.13309814,AX4_DAPI_E21_20190305_nuc_cyto_area_ratio_FINAL.csv,AX4
9,388,2965,0.130860034,AX4_DAPI_E21_20190305_nuc_cyto_area_ratio_FINAL.csv,AX4
10,312,3492,0.089347079,AX4_DAPI_E21_20190305_nuc_cyto_area_ratio_FINAL.csv,AX4
11,154,10021,0.015367728,AX4_DAPI_E21_20190305_nuc_cyto_area_ratio_FINAL.csv,AX4
12,166,2366,0.070160609,AX4_DAPI_E21_20190305_nuc_cyto_area_ratio_FINAL.csv,AX4
13,187,1157,0.161624892,AX4_DAPI_E21_20190305_nuc_cyto_area_ratio_FINAL.csv,AX4
14,358,3018,0.118621604,AX4_DAPI_E21_20190305_nuc_cyto_area_ratio_FINAL.csv,AX4
15,231,3282,0.070383912,AX4_DAPI_E21_20190305_nuc_cyto_area_ratio_FINAL.csv,AX4
16,157,1606,0.097758406,AX4_DAPI_E21_20190305_nuc_cyto_area_ratio_FINAL.csv,AX4
17,204,2482,0.082191781,AX4_DAPI_E21_20190305_nuc_cyto_area_ratio_FINAL.csv,AX4
18,135,2678,0.050410754,AX4_DAPI_E21_20190305_nuc_cyto_area_ratio_FINAL.csv,AX4
19,239,2341,0.102093123,AX4_DAPI_E21_20190305_nuc_cyto_area_ratio_FINAL.csv,AX4
20,252,2081,0.121095627,AX4_DAPI_E21_20190305_nuc_cyto_area_ratio_FINAL.csv,AX4
21,135,1137,0.118733509,AX4_DAPI_E21_20190305_nuc_cyto_area_ratio_FINAL.csv,AX4
22,288,3989,0.072198546,AX4_DAPI_E21_20190305_nuc_cyto_area_ratio_FINAL.csv,AX4
23,140,1508,0.092838196,AX4_DAPI_E21_20190305_nuc_cyto_area_ratio_FINAL.csv,AX4
24,138,1953,0.070660522,AX4_DAPI_E21_20190305_nuc_cyto_area_ratio_FINAL.csv,AX4
25,132,1582,0.083438685,AX4_DAPI_E21_20190305_nuc_cyto_area_ratio_FINAL.csv,AX4
26,245,2657,0.092209259,AX4_DAPI_E21_20190305_nuc_cyto_area_ratio_FINAL.csv,AX4
27,448,3927,0.114081996,AX4_DAPI_E21_20190305_nuc_cyto_area_ratio_FINAL.csv,AX4
28,134,1585,0.084542587,AX4_DAPI_E21_20190305_nuc_cyto_area_ratio_FINAL.csv,AX4
29,265,3457,0.07665606,AX4_DAPI_E21_20190305_nuc_cyto_area_ratio_FINAL.csv,AX4
30,131,7625,0.017180328,AX4_DAPI_E21_20190305_nuc_cyto_area_ratio_FINAL.csv,AX4
31,255,1920,0.1328125,AX4_DAPI_E21_20190305_nuc_cyto_area_ratio_FINAL.csv,AX4
32,148,3018,0.049039099,AX4_DAPI_E21_20190305_nuc_cyto_area_ratio_FINAL.csv,AX4
33,116,2509,0.046233559,AX4_DAPI_E21_20190305_nuc_cyto_area_ratio_FINAL.csv,AX4
34,125,1077,0.116063138,AX4_DAPI_E21_20190305_nuc_cyto_area_ratio_FINAL.csv,AX4
35,266,1952,0.136270492,AX4_DAPI_E21_20190305_nuc_cyto_area_ratio_FINAL.csv,AX4
36,252,1490,0.169127517,AX4_DAPI_E21_20190305_nuc_cyto_area_ratio_FINAL.csv,AX4
37,130,1643,0.079123554,AX4_DAPI_E21_20190305_nuc_cyto_area_ratio_FINAL.csv,AX4
38,123,2184,0.056318681,AX4_DAPI_E21_20190305_nuc_cyto_area_ratio_FINAL.csv,AX4
39,117,980,0.119387755,AX4_DAPI_E21_20190305_nuc_cyto_area_ratio_FINAL.csv,AX4
40,249,1766,0.140996602,AX4_DAPI_E21_20190305_nuc_cyto_area_ratio_FINAL.csv,AX4
41,118,2059,0.057309373,AX4_DAPI_E21_20190305_nuc_cyto_area_ratio_FINAL.csv,AX4
42,115,1505,0.07641196,AX4_DAPI_E21_20190305_nuc_cyto_area_ratio_FINAL.csv,AX4
43,106,913,0.116100767,AX4_DAPI_E21_20190305_nuc_cyto_area_ratio_FINAL.csv,AX4
44,228,1940,0.117525773,AX4_DAPI_E21_20190305_nuc_cyto_area_ratio_FINAL.csv,AX4
45,101,1904,0.053046218,AX4_DAPI_E21_20190305_nuc_cyto_area_ratio_FINAL.csv,AX4
46,115,1701,0.06760729,AX4_DAPI_E21_20190305_nuc_cyto_area_ratio_FINAL.csv,AX4
47,113,1125,0.100444444,AX4_DAPI_E21_20190305_nuc_cyto_area_ratio_FINAL.csv,AX4
48,197,2389,0.082461281,AX4_DAPI_E21_20190305_nuc_cyto_area_ratio_FINAL.csv,AX4
49,113,2055,0.054987835,AX4_DAPI_E21_20190305_nuc_cyto_area_ratio_FINAL.csv,AX4
50,109,1092,0.09981685,AX4_DAPI_E21_20190305_nuc_cyto_area_ratio_FINAL.csv,AX4
51,203,1966,0.103255341,AX4_DAPI_E21_20190305_nuc_cyto_area_ratio_FINAL.csv,AX4
52,186,3453,0.053866203,AX4_DAPI_E21_20190305_nuc_cyto_area_ratio_FINAL.csv,AX4
53,200,1618,0.123609394,AX4_DAPI_E21_20190305_nuc_cyto_area_ratio_FINAL.csv,AX4
54,106,980,0.108163265,AX4_DAPI_E21_20190305_nuc_cyto_area_ratio_FINAL.csv,AX4
55,102,1459,0.069910898,AX4_DAPI_E21_20190305_nuc_cyto_area_ratio_FINAL.csv,AX4
56,106,620,0.170967742,AX4_DAPI_E21_20190305_nuc_cyto_area_ratio_FINAL.csv,AX4
57,127,893,0.142217245,AX4_DAPI_E21_20190305_nuc_cyto_area_ratio_FINAL.csv,AX4
58,108,3764,0.02869288,AX4_DAPI_E21_20190305_nuc_cyto_area_ratio_FINAL.csv,AX4
59,102,1737,0.058721934,AX4_DAPI_E21_20190305_nuc_cyto_area_ratio_FINAL.csv,AX4
60,111,1457,0.07618394,AX4_DAPI_E21_20190305_nuc_cyto_area_ratio_FINAL.csv,AX4
61,203,2152,0.094330855,AX4_DAPI_E21_20190305_nuc_cyto_area_ratio_FINAL.csv,AX4
62,118,1402,0.084165478,AX4_DAPI_E21_20190305_nuc_cyto_area_ratio_FINAL.csv,AX4
63,96,900,0.106666667,AX4_DAPI_E21_20190305_nuc_cyto_area_ratio_FINAL.csv,AX4
64,100,1220,0.081967213,AX4_DAPI_E21_20190305_nuc_cyto_area_ratio_FINAL.csv,AX4
65,117,919,0.127312296,AX4_DAPI_E21_20190305_nuc_cyto_area_ratio_FINAL.csv,AX4
66,188,1839,0.102229473,AX4_DAPI_E21_20190305_nuc_cyto_area_ratio_FINAL.csv,AX4
67,94,3987,0.023576624,AX4_DAPI_E21_20190305_nuc_cyto_area_ratio_FINAL.csv,AX4
68,79,2259,0.034971226,AX4_DAPI_E21_20190305_nuc_cyto_area_ratio_FINAL.csv,AX4
69,100,1359,0.073583517,AX4_DAPI_E21_20190305_nuc_cyto_area_ratio_FINAL.csv,AX4
70,101,1876,0.053837953,AX4_DAPI_E21_20190305_nuc_cyto_area_ratio_FINAL.csv,AX4
71,74,1702,0.043478261,AX4_DAPI_E21_20190305_nuc_cyto_area_ratio_FINAL.csv,AX4
72,100,2317,0.043159258,AX4_DAPI_E21_20190305_nuc_cyto_area_ratio_FINAL.csv,AX4
73,105,1291,0.081332301,AX4_DAPI_E21_20190305_nuc_cyto_area_ratio_FINAL.csv,AX4
74,210,1842,0.114006515,AX4_DAPI_E21_20190305_nuc_cyto_area_ratio_FINAL.csv,AX4
75,89,1448,0.061464088,AX4_DAPI_E21_20190305_nuc_cyto_area_ratio_FINAL.csv,AX4
76,96,1201,0.079933389,AX4_DAPI_E21_20190305_nuc_cyto_area_ratio_FINAL.csv,AX4
77,75,453,0.165562914,AX4_DAPI_E21_20190305_nuc_cyto_area_ratio_FINAL.csv,AX4
78,99,996,0.09939759,AX4_DAPI_E21_20190305_nuc_cyto_area_ratio_FINAL.csv,AX4
79,78,742,0.105121294,AX4_DAPI_E21_20190305_nuc_cyto_area_ratio_FINAL.csv,AX4
80,96,1241,0.07735697,AX4_DAPI_E21_20190305_nuc_cyto_area_ratio_FINAL.csv,AX4
81,103,1429,0.072078376,AX4_DAPI_E21_20190305_nuc_cyto_area_ratio_FINAL.csv,AX4
82,88,1255,0.070119522,AX4_DAPI_E21_20190305_nuc_cyto_area_ratio_FINAL.csv,AX4
83,104,1205,0.086307054,AX4_DAPI_E21_20190305_nuc_cyto_area_ratio_FINAL.csv,AX4
84,176,1633,0.107777097,AX4_DAPI_E21_20190305_nuc_cyto_area_ratio_FINAL.csv,AX4
85,115,1323,0.086923658,AX4_DAPI_E21_20190305_nuc_cyto_area_ratio_FINAL.csv,AX4
86,222,5738,0.038689439,AX4_DAPI_E21_20190305_nuc_cyto_area_ratio_FINAL.csv,AX4
87,88,1074,0.081936685,AX4_DAPI_E21_20190305_nuc_cyto_area_ratio_FINAL.csv,AX4
88,94,1149,0.08181027,AX4_DAPI_E21_20190305_nuc_cyto_area_ratio_FINAL.csv,AX4
89,86,820,0.104878049,AX4_DAPI_E21_20190305_nuc_cyto_area_ratio_FINAL.csv,AX4
90,91,718,0.126740947,AX4_DAPI_E21_20190305_nuc_cyto_area_ratio_FINAL.csv,AX4
91,126,1163,0.108340499,AX4_DAPI_E21_20190305_nuc_cyto_area_ratio_FINAL.csv,AX4
92,194,1928,0.100622407,AX4_DAPI_E21_20190305_nuc_cyto_area_ratio_FINAL.csv,AX4
93,77,1561,0.049327354,AX4_DAPI_E21_20190305_nuc_cyto_area_ratio_FINAL.csv,AX4
94,81,1032,0.078488372,AX4_DAPI_E21_20190305_nuc_cyto_area_ratio_FINAL.csv,AX4
95,95,957,0.099268548,AX4_DAPI_E21_20190305_nuc_cyto_area_ratio_FINAL.csv,AX4
96,143,2306,0.062012142,AX4_DAPI_E21_20190305_nuc_cyto_area_ratio_FINAL.csv,AX4
97,95,1373,0.069191551,AX4_DAPI_E21_20190305_nuc_cyto_area_ratio_FINAL.csv,AX4
98,148,1980,0.074747475,AX4_DAPI_E21_20190305_nuc_cyto_area_ratio_FINAL.csv,AX4
99,175,2113,0.082820634,AX4_DAPI_E21_20190305_nuc_cyto_area_ratio_FINAL.csv,AX4
100,91,1163,0.078245916,AX4_DAPI_E21_20190305_nuc_cyto_area_ratio_FINAL.csv,AX4
101,140,1306,0.10719755,AX4_DAPI_E21_20190305_nuc_cyto_area_ratio_FINAL.csv,AX4
102,87,3542,0.024562394,AX4_DAPI_E21_20190305_nuc_cyto_area_ratio_FINAL.csv,AX4
103,69,1163,0.059329321,AX4_DAPI_E21_20190305_nuc_cyto_area_ratio_FINAL.csv,AX4
104,75,1590,0.047169811,AX4_DAPI_E21_20190305_nuc_cyto_area_ratio_FINAL.csv,AX4
105,72,737,0.097693351,AX4_DAPI_E21_20190305_nuc_cyto_area_ratio_FINAL.csv,AX4
106,65,1450,0.044827586,AX4_DAPI_E21_20190305_nuc_cyto_area_ratio_FINAL.csv,AX4
107,74,1943,0.038085435,AX4_DAPI_E21_20190305_nuc_cyto_area_ratio_FINAL.csv,AX4
108,66,1441,0.045801527,AX4_DAPI_E21_20190305_nuc_cyto_area_ratio_FINAL.csv,AX4
109,68,507,0.134122288,AX4_DAPI_E21_20190305_nuc_cyto_area_ratio_FINAL.csv,AX4
110,211,1568,0.134566327,AX4_DAPI_E21_20190305_nuc_cyto_area_ratio_FINAL.csv,AX4
111,71,6615,0.010733182,AX4_DAPI_E21_20190305_nuc_cyto_area_ratio_FINAL.csv,AX4
112,55,935,0.058823529,AX4_DAPI_E21_20190305_nuc_cyto_area_ratio_FINAL.csv,AX4
113,59,2225,0.026516854,AX4_DAPI_E21_20190305_nuc_cyto_area_ratio_FINAL.csv,AX4
114,67,1890,0.035449735,AX4_DAPI_E21_20190305_nuc_cyto_area_ratio_FINAL.csv,AX4
115,66,876,0.075342466,AX4_DAPI_E21_20190305_nuc_cyto_area_ratio_FINAL.csv,AX4
116,62,848,0.073113208,AX4_DAPI_E21_20190305_nuc_cyto_area_ratio_FINAL.csv,AX4
117,183,2991,0.061183551,AX4_DAPI_E21_20190305_nuc_cyto_area_ratio_FINAL.csv,AX4
118,59,405,0.145679012,AX4_DAPI_E21_20190305_nuc_cyto_area_ratio_FINAL.csv,AX4
119,56,335,0.167164179,AX4_DAPI_E21_20190305_nuc_cyto_area_ratio_FINAL.csv,AX4
120,57,1167,0.048843188,AX4_DAPI_E21_20190305_nuc_cyto_area_ratio_FINAL.csv,AX4
121,57,1550,0.036774194,AX4_DAPI_E21_20190305_nuc_cyto_area_ratio_FINAL.csv,AX4
122,56,1883,0.029739777,AX4_DAPI_E21_20190305_nuc_cyto_area_ratio_FINAL.csv,AX4
123,51,619,0.082390953,AX4_DAPI_E21_20190305_nuc_cyto_area_ratio_FINAL.csv,AX4
1,500,2683,0.186358554,AX4_DAPI_E22_20190305_nuc_cyto_area_ratio_FINAL.csv,AX4
2,274,8929,0.030686527,AX4_DAPI_E22_20190305_nuc_cyto_area_ratio_FINAL.csv,AX4
3,360,2433,0.147965475,AX4_DAPI_E22_20190305_nuc_cyto_area_ratio_FINAL.csv,AX4
4,519,5659,0.091712317,AX4_DAPI_E22_20190305_nuc_cyto_area_ratio_FINAL.csv,AX4
5,551,3307,0.166616269,AX4_DAPI_E22_20190305_nuc_cyto_area_ratio_FINAL.csv,AX4
6,549,4009,0.136941881,AX4_DAPI_E22_20190305_nuc_cyto_area_ratio_FINAL.csv,AX4
7,438,2847,0.153846154,AX4_DAPI_E22_20190305_nuc_cyto_area_ratio_FINAL.csv,AX4
8,273,2587,0.105527638,AX4_DAPI_E22_20190305_nuc_cyto_area_ratio_FINAL.csv,AX4
9,194,5697,0.03405301,AX4_DAPI_E22_20190305_nuc_cyto_area_ratio_FINAL.csv,AX4
10,411,3925,0.104713376,AX4_DAPI_E22_20190305_nuc_cyto_area_ratio_FINAL.csv,AX4
11,185,2079,0.088985089,AX4_DAPI_E22_20190305_nuc_cyto_area_ratio_FINAL.csv,AX4
12,174,2032,0.085629921,AX4_DAPI_E22_20190305_nuc_cyto_area_ratio_FINAL.csv,AX4
13,214,4120,0.051941748,AX4_DAPI_E22_20190305_nuc_cyto_area_ratio_FINAL.csv,AX4
14,136,1241,0.109589041,AX4_DAPI_E22_20190305_nuc_cyto_area_ratio_FINAL.csv,AX4
15,142,1562,0.090909091,AX4_DAPI_E22_20190305_nuc_cyto_area_ratio_FINAL.csv,AX4
16,142,3901,0.036400923,AX4_DAPI_E22_20190305_nuc_cyto_area_ratio_FINAL.csv,AX4
17,145,2192,0.066149635,AX4_DAPI_E22_20190305_nuc_cyto_area_ratio_FINAL.csv,AX4
18,118,3932,0.030010173,AX4_DAPI_E22_20190305_nuc_cyto_area_ratio_FINAL.csv,AX4
19,142,1533,0.092628832,AX4_DAPI_E22_20190305_nuc_cyto_area_ratio_FINAL.csv,AX4
20,113,1754,0.064424173,AX4_DAPI_E22_20190305_nuc_cyto_area_ratio_FINAL.csv,AX4
21,138,3494,0.039496279,AX4_DAPI_E22_20190305_nuc_cyto_area_ratio_FINAL.csv,AX4
22,127,1348,0.09421365,AX4_DAPI_E22_20190305_nuc_cyto_area_ratio_FINAL.csv,AX4
23,127,1590,0.079874214,AX4_DAPI_E22_20190305_nuc_cyto_area_ratio_FINAL.csv,AX4
24,139,1979,0.070237494,AX4_DAPI_E22_20190305_nuc_cyto_area_ratio_FINAL.csv,AX4
25,92,1553,0.05924018,AX4_DAPI_E22_20190305_nuc_cyto_area_ratio_FINAL.csv,AX4
26,86,1610,0.053416149,AX4_DAPI_E22_20190305_nuc_cyto_area_ratio_FINAL.csv,AX4
27,106,4864,0.021792763,AX4_DAPI_E22_20190305_nuc_cyto_area_ratio_FINAL.csv,AX4
28,92,7142,0.012881546,AX4_DAPI_E22_20190305_nuc_cyto_area_ratio_FINAL.csv,AX4
29,76,27787,0.002735092,AX4_DAPI_E22_20190305_nuc_cyto_area_ratio_FINAL.csv,AX4
30,78,6819,0.011438627,AX4_DAPI_E22_20190305_nuc_cyto_area_ratio_FINAL.csv,AX4
31,100,3741,0.026730821,AX4_DAPI_E22_20190305_nuc_cyto_area_ratio_FINAL.csv,AX4
32,72,3035,0.023723229,AX4_DAPI_E22_20190305_nuc_cyto_area_ratio_FINAL.csv,AX4
33,73,1395,0.052329749,AX4_DAPI_E22_20190305_nuc_cyto_area_ratio_FINAL.csv,AX4
34,69,12965,0.005322021,AX4_DAPI_E22_20190305_nuc_cyto_area_ratio_FINAL.csv,AX4
35,89,1855,0.047978437,AX4_DAPI_E22_20190305_nuc_cyto_area_ratio_FINAL.csv,AX4
36,68,9916,0.006857604,AX4_DAPI_E22_20190305_nuc_cyto_area_ratio_FINAL.csv,AX4
37,67,1140,0.05877193,AX4_DAPI_E22_20190305_nuc_cyto_area_ratio_FINAL.csv,AX4
38,67,5890,0.011375212,AX4_DAPI_E22_20190305_nuc_cyto_area_ratio_FINAL.csv,AX4
39,58,1535,0.037785016,AX4_DAPI_E22_20190305_nuc_cyto_area_ratio_FINAL.csv,AX4
40,56,1567,0.035737077,AX4_DAPI_E22_20190305_nuc_cyto_area_ratio_FINAL.csv,AX4
1,992,5940,0.167003367,AX4_DAPI_E25_20181125_nuc_cyto_area_ratio_FINAL.csv,AX4
2,416,6575,0.063269962,AX4_DAPI_E25_20181125_nuc_cyto_area_ratio_FINAL.csv,AX4
3,653,4867,0.134168893,AX4_DAPI_E25_20181125_nuc_cyto_area_ratio_FINAL.csv,AX4
4,314,4443,0.070672969,AX4_DAPI_E25_20181125_nuc_cyto_area_ratio_FINAL.csv,AX4
5,296,2708,0.109305761,AX4_DAPI_E25_20181125_nuc_cyto_area_ratio_FINAL.csv,AX4
6,445,3956,0.112487361,AX4_DAPI_E25_20181125_nuc_cyto_area_ratio_FINAL.csv,AX4
7,248,8960,0.027678571,AX4_DAPI_E25_20181125_nuc_cyto_area_ratio_FINAL.csv,AX4
8,485,4383,0.110654803,AX4_DAPI_E25_20181125_nuc_cyto_area_ratio_FINAL.csv,AX4
9,255,3054,0.083497053,AX4_DAPI_E25_20181125_nuc_cyto_area_ratio_FINAL.csv,AX4
10,270,2099,0.128632682,AX4_DAPI_E25_20181125_nuc_cyto_area_ratio_FINAL.csv,AX4
11,250,2331,0.107250107,AX4_DAPI_E25_20181125_nuc_cyto_area_ratio_FINAL.csv,AX4
12,270,3385,0.079763663,AX4_DAPI_E25_20181125_nuc_cyto_area_ratio_FINAL.csv,AX4
13,280,3217,0.087037613,AX4_DAPI_E25_20181125_nuc_cyto_area_ratio_FINAL.csv,AX4
14,210,1764,0.119047619,AX4_DAPI_E25_20181125_nuc_cyto_area_ratio_FINAL.csv,AX4
15,250,2445,0.102249489,AX4_DAPI_E25_20181125_nuc_cyto_area_ratio_FINAL.csv,AX4
16,188,2754,0.068264343,AX4_DAPI_E25_20181125_nuc_cyto_area_ratio_FINAL.csv,AX4
17,188,3980,0.047236181,AX4_DAPI_E25_20181125_nuc_cyto_area_ratio_FINAL.csv,AX4
18,173,2604,0.066436252,AX4_DAPI_E25_20181125_nuc_cyto_area_ratio_FINAL.csv,AX4
19,171,5146,0.033229693,AX4_DAPI_E25_20181125_nuc_cyto_area_ratio_FINAL.csv,AX4
20,327,3112,0.105077121,AX4_DAPI_E25_20181125_nuc_cyto_area_ratio_FINAL.csv,AX4
21,175,1752,0.099885845,AX4_DAPI_E25_20181125_nuc_cyto_area_ratio_FINAL.csv,AX4
22,169,1715,0.098542274,AX4_DAPI_E25_20181125_nuc_cyto_area_ratio_FINAL.csv,AX4
23,236,2713,0.086988574,AX4_DAPI_E25_20181125_nuc_cyto_area_ratio_FINAL.csv,AX4
24,158,1956,0.080777096,AX4_DAPI_E25_20181125_nuc_cyto_area_ratio_FINAL.csv,AX4
25,176,1962,0.089704383,AX4_DAPI_E25_20181125_nuc_cyto_area_ratio_FINAL.csv,AX4
26,164,2020,0.081188119,AX4_DAPI_E25_20181125_nuc_cyto_area_ratio_FINAL.csv,AX4
27,147,2923,0.050290797,AX4_DAPI_E25_20181125_nuc_cyto_area_ratio_FINAL.csv,AX4
28,163,1961,0.083120857,AX4_DAPI_E25_20181125_nuc_cyto_area_ratio_FINAL.csv,AX4
29,125,1458,0.085733882,AX4_DAPI_E25_20181125_nuc_cyto_area_ratio_FINAL.csv,AX4
30,152,1749,0.086906804,AX4_DAPI_E25_20181125_nuc_cyto_area_ratio_FINAL.csv,AX4
31,96,1724,0.055684455,AX4_DAPI_E25_20181125_nuc_cyto_area_ratio_FINAL.csv,AX4
1,444,3481,0.127549555,AX4_DAPI_E26_20181201_nuc_cyto_area_ratio_FINAL.csv,AX4
2,446,3473,0.128419234,AX4_DAPI_E26_20181201_nuc_cyto_area_ratio_FINAL.csv,AX4
3,437,4834,0.090401324,AX4_DAPI_E26_20181201_nuc_cyto_area_ratio_FINAL.csv,AX4
4,413,4239,0.097428639,AX4_DAPI_E26_20181201_nuc_cyto_area_ratio_FINAL.csv,AX4
5,316,3869,0.081674851,AX4_DAPI_E26_20181201_nuc_cyto_area_ratio_FINAL.csv,AX4
6,394,3432,0.114801865,AX4_DAPI_E26_20181201_nuc_cyto_area_ratio_FINAL.csv,AX4
7,230,4118,0.055852356,AX4_DAPI_E26_20181201_nuc_cyto_area_ratio_FINAL.csv,AX4
8,86,821,0.104750305,AX4_DAPI_E26_20181201_nuc_cyto_area_ratio_FINAL.csv,AX4
1,1188,6218,0.191058218,AX4_DAPI_E27_20181125_nuc_cyto_area_ratio_FINAL.csv,AX4
2,667,6406,0.104121136,AX4_DAPI_E27_20181125_nuc_cyto_area_ratio_FINAL.csv,AX4
3,672,5111,0.131481119,AX4_DAPI_E27_20181125_nuc_cyto_area_ratio_FINAL.csv,AX4
4,754,6802,0.11084975,AX4_DAPI_E27_20181125_nuc_cyto_area_ratio_FINAL.csv,AX4
5,1199,6624,0.181008454,AX4_DAPI_E27_20181125_nuc_cyto_area_ratio_FINAL.csv,AX4
6,1106,6515,0.169762087,AX4_DAPI_E27_20181125_nuc_cyto_area_ratio_FINAL.csv,AX4
7,596,6038,0.098708182,AX4_DAPI_E27_20181125_nuc_cyto_area_ratio_FINAL.csv,AX4
8,580,4709,0.123168401,AX4_DAPI_E27_20181125_nuc_cyto_area_ratio_FINAL.csv,AX4
9,549,4319,0.127112758,AX4_DAPI_E27_20181125_nuc_cyto_area_ratio_FINAL.csv,AX4
10,531,3901,0.136118944,AX4_DAPI_E27_20181125_nuc_cyto_area_ratio_FINAL.csv,AX4
11,522,4013,0.130077249,AX4_DAPI_E27_20181125_nuc_cyto_area_ratio_FINAL.csv,AX4
12,474,3497,0.135544753,AX4_DAPI_E27_20181125_nuc_cyto_area_ratio_FINAL.csv,AX4
13,569,4939,0.115205507,AX4_DAPI_E27_20181125_nuc_cyto_area_ratio_FINAL.csv,AX4
14,535,6978,0.076669533,AX4_DAPI_E27_20181125_nuc_cyto_area_ratio_FINAL.csv,AX4
15,464,4444,0.104410441,AX4_DAPI_E27_20181125_nuc_cyto_area_ratio_FINAL.csv,AX4
16,440,4029,0.10920824,AX4_DAPI_E27_20181125_nuc_cyto_area_ratio_FINAL.csv,AX4
17,429,4561,0.094058321,AX4_DAPI_E27_20181125_nuc_cyto_area_ratio_FINAL.csv,AX4
18,428,4380,0.097716895,AX4_DAPI_E27_20181125_nuc_cyto_area_ratio_FINAL.csv,AX4
19,499,6916,0.072151533,AX4_DAPI_E27_20181125_nuc_cyto_area_ratio_FINAL.csv,AX4
20,484,5164,0.093725794,AX4_DAPI_E27_20181125_nuc_cyto_area_ratio_FINAL.csv,AX4
21,430,5317,0.080872673,AX4_DAPI_E27_20181125_nuc_cyto_area_ratio_FINAL.csv,AX4
22,450,6595,0.06823351,AX4_DAPI_E27_20181125_nuc_cyto_area_ratio_FINAL.csv,AX4
23,384,4000,0.096,AX4_DAPI_E27_20181125_nuc_cyto_area_ratio_FINAL.csv,AX4
24,367,5636,0.065117104,AX4_DAPI_E27_20181125_nuc_cyto_area_ratio_FINAL.csv,AX4
1,738,7325,0.100750853,AX4_DAPI_E28_20181206_nuc_cyto_area_ratio_FINAL.csv,AX4
2,495,5297,0.093449122,AX4_DAPI_E28_20181206_nuc_cyto_area_ratio_FINAL.csv,AX4
3,380,3657,0.103910309,AX4_DAPI_E28_20181206_nuc_cyto_area_ratio_FINAL.csv,AX4
4,317,3055,0.103764321,AX4_DAPI_E28_20181206_nuc_cyto_area_ratio_FINAL.csv,AX4
5,266,2303,0.11550152,AX4_DAPI_E28_20181206_nuc_cyto_area_ratio_FINAL.csv,AX4
6,194,2836,0.068406206,AX4_DAPI_E28_20181206_nuc_cyto_area_ratio_FINAL.csv,AX4
7,139,2679,0.051885032,AX4_DAPI_E28_20181206_nuc_cyto_area_ratio_FINAL.csv,AX4
8,55,1523,0.036112935,AX4_DAPI_E28_20181206_nuc_cyto_area_ratio_FINAL.csv,AX4
1,286,2054,0.139240506,AX4_DAPI_E3_20180501_2_nuc_cyto_area_ratio_FINAL.csv,AX4
2,427,2416,0.176738411,AX4_DAPI_E3_20180501_2_nuc_cyto_area_ratio_FINAL.csv,AX4
3,226,1662,0.135980746,AX4_DAPI_E3_20180501_2_nuc_cyto_area_ratio_FINAL.csv,AX4
4,191,1570,0.121656051,AX4_DAPI_E3_20180501_2_nuc_cyto_area_ratio_FINAL.csv,AX4
5,205,1900,0.107894737,AX4_DAPI_E3_20180501_2_nuc_cyto_area_ratio_FINAL.csv,AX4
6,261,2053,0.127131028,AX4_DAPI_E3_20180501_2_nuc_cyto_area_ratio_FINAL.csv,AX4
7,246,2103,0.116975749,AX4_DAPI_E3_20180501_2_nuc_cyto_area_ratio_FINAL.csv,AX4
8,194,1681,0.115407496,AX4_DAPI_E3_20180501_2_nuc_cyto_area_ratio_FINAL.csv,AX4
9,171,1811,0.094422971,AX4_DAPI_E3_20180501_2_nuc_cyto_area_ratio_FINAL.csv,AX4
10,180,1589,0.113278792,AX4_DAPI_E3_20180501_2_nuc_cyto_area_ratio_FINAL.csv,AX4
11,161,1782,0.090347924,AX4_DAPI_E3_20180501_2_nuc_cyto_area_ratio_FINAL.csv,AX4
12,143,1739,0.082231167,AX4_DAPI_E3_20180501_2_nuc_cyto_area_ratio_FINAL.csv,AX4
13,117,1667,0.070185963,AX4_DAPI_E3_20180501_2_nuc_cyto_area_ratio_FINAL.csv,AX4
14,81,1546,0.052393273,AX4_DAPI_E3_20180501_2_nuc_cyto_area_ratio_FINAL.csv,AX4
15,75,1521,0.049309665,AX4_DAPI_E3_20180501_2_nuc_cyto_area_ratio_FINAL.csv,AX4
1,920,7877,0.116795734,AX4_DAPI_E4_20180502_2_nuc_cyto_area_ratio_FINAL.csv,AX4
2,774,7574,0.102191708,AX4_DAPI_E4_20180502_2_nuc_cyto_area_ratio_FINAL.csv,AX4
1,1019,6318,0.161285217,AX4_DAPI_E5_20180510_2_nuc_cyto_area_ratio_FINAL.csv,AX4
2,742,5836,0.127141878,AX4_DAPI_E5_20180510_2_nuc_cyto_area_ratio_FINAL.csv,AX4
3,603,5397,0.111728738,AX4_DAPI_E5_20180510_2_nuc_cyto_area_ratio_FINAL.csv,AX4
4,614,5275,0.116398104,AX4_DAPI_E5_20180510_2_nuc_cyto_area_ratio_FINAL.csv,AX4
5,1205,5791,0.208081506,AX4_DAPI_E5_20180510_2_nuc_cyto_area_ratio_FINAL.csv,AX4
6,727,6033,0.120503895,AX4_DAPI_E5_20180510_2_nuc_cyto_area_ratio_FINAL.csv,AX4
7,697,5874,0.118658495,AX4_DAPI_E5_20180510_2_nuc_cyto_area_ratio_FINAL.csv,AX4
8,571,3849,0.148350221,AX4_DAPI_E5_20180510_2_nuc_cyto_area_ratio_FINAL.csv,AX4
9,494,4588,0.107672188,AX4_DAPI_E5_20180510_2_nuc_cyto_area_ratio_FINAL.csv,AX4
10,577,5245,0.110009533,AX4_DAPI_E5_20180510_2_nuc_cyto_area_ratio_FINAL.csv,AX4
11,562,5426,0.103575378,AX4_DAPI_E5_20180510_2_nuc_cyto_area_ratio_FINAL.csv,AX4
12,469,5095,0.09205103,AX4_DAPI_E5_20180510_2_nuc_cyto_area_ratio_FINAL.csv,AX4
13,499,5174,0.096443757,AX4_DAPI_E5_20180510_2_nuc_cyto_area_ratio_FINAL.csv,AX4
14,502,5186,0.096799074,AX4_DAPI_E5_20180510_2_nuc_cyto_area_ratio_FINAL.csv,AX4
15,467,5091,0.091730505,AX4_DAPI_E5_20180510_2_nuc_cyto_area_ratio_FINAL.csv,AX4
16,417,4253,0.098048436,AX4_DAPI_E5_20180510_2_nuc_cyto_area_ratio_FINAL.csv,AX4
17,428,3842,0.111400312,AX4_DAPI_E5_20180510_2_nuc_cyto_area_ratio_FINAL.csv,AX4
18,640,5624,0.113798009,AX4_DAPI_E5_20180510_2_nuc_cyto_area_ratio_FINAL.csv,AX4
19,417,3807,0.109535067,AX4_DAPI_E5_20180510_2_nuc_cyto_area_ratio_FINAL.csv,AX4
20,437,5008,0.087260383,AX4_DAPI_E5_20180510_2_nuc_cyto_area_ratio_FINAL.csv,AX4
21,389,5039,0.077197857,AX4_DAPI_E5_20180510_2_nuc_cyto_area_ratio_FINAL.csv,AX4
22,335,4715,0.071049841,AX4_DAPI_E5_20180510_2_nuc_cyto_area_ratio_FINAL.csv,AX4
23,321,4681,0.068575091,AX4_DAPI_E5_20180510_2_nuc_cyto_area_ratio_FINAL.csv,AX4
24,368,4829,0.076206254,AX4_DAPI_E5_20180510_2_nuc_cyto_area_ratio_FINAL.csv,AX4
25,293,4375,0.066971429,AX4_DAPI_E5_20180510_2_nuc_cyto_area_ratio_FINAL.csv,AX4
26,303,4800,0.063125,AX4_DAPI_E5_20180510_2_nuc_cyto_area_ratio_FINAL.csv,AX4
27,68,2686,0.025316456,AX4_DAPI_E5_20180510_2_nuc_cyto_area_ratio_FINAL.csv,AX4
1,1169,9551,0.122395561,AX4_DAPI_E6_20180511_2_nuc_cyto_area_ratio_FINAL.csv,AX4
2,453,7748,0.058466701,AX4_DAPI_E6_20180511_2_nuc_cyto_area_ratio_FINAL.csv,AX4
3,542,9127,0.059384245,AX4_DAPI_E6_20180511_2_nuc_cyto_area_ratio_FINAL.csv,AX4
1,417,3045,0.136945813,AX4_DAPI_E7_20180915_2_nuc_cyto_area_ratio_FINAL.csv,AX4
2,200,2241,0.089245872,AX4_DAPI_E7_20180915_2_nuc_cyto_area_ratio_FINAL.csv,AX4
3,223,2306,0.09670425,AX4_DAPI_E7_20180915_2_nuc_cyto_area_ratio_FINAL.csv,AX4
4,160,2126,0.075258702,AX4_DAPI_E7_20180915_2_nuc_cyto_area_ratio_FINAL.csv,AX4
5,145,3117,0.046519089,AX4_DAPI_E7_20180915_2_nuc_cyto_area_ratio_FINAL.csv,AX4
1,784,4382,0.178913738,AX4_DAPI_E8_2018_0915_2_nuc_cyto_area_ratio_FINAL.csv,AX4
2,754,4156,0.181424447,AX4_DAPI_E8_2018_0915_2_nuc_cyto_area_ratio_FINAL.csv,AX4
3,640,5464,0.117130307,AX4_DAPI_E8_2018_0915_2_nuc_cyto_area_ratio_FINAL.csv,AX4
4,601,5392,0.111461424,AX4_DAPI_E8_2018_0915_2_nuc_cyto_area_ratio_FINAL.csv,AX4
5,223,2534,0.088003157,AX4_DAPI_E8_2018_0915_2_nuc_cyto_area_ratio_FINAL.csv,AX4
6,318,4688,0.067832765,AX4_DAPI_E8_2018_0915_2_nuc_cyto_area_ratio_FINAL.csv,AX4
7,277,3193,0.086752271,AX4_DAPI_E8_2018_0915_2_nuc_cyto_area_ratio_FINAL.csv,AX4
1,686,3912,0.175357873,AX4_E2_DAPI_20180210_2_nuc_cyto_area_ratio_FINAL.csv,AX4
2,1058,6836,0.154768871,AX4_E2_DAPI_20180210_2_nuc_cyto_area_ratio_FINAL.csv,AX4
3,567,5954,0.095230097,AX4_E2_DAPI_20180210_2_nuc_cyto_area_ratio_FINAL.csv,AX4
4,538,4531,0.118737586,AX4_E2_DAPI_20180210_2_nuc_cyto_area_ratio_FINAL.csv,AX4
5,453,5044,0.089809675,AX4_E2_DAPI_20180210_2_nuc_cyto_area_ratio_FINAL.csv,AX4
6,496,5181,0.095734414,AX4_E2_DAPI_20180210_2_nuc_cyto_area_ratio_FINAL.csv,AX4
7,798,5683,0.140418793,AX4_E2_DAPI_20180210_2_nuc_cyto_area_ratio_FINAL.csv,AX4
8,411,3996,0.102852853,AX4_E2_DAPI_20180210_2_nuc_cyto_area_ratio_FINAL.csv,AX4
9,395,4887,0.080826683,AX4_E2_DAPI_20180210_2_nuc_cyto_area_ratio_FINAL.csv,AX4
10,423,4988,0.084803528,AX4_E2_DAPI_20180210_2_nuc_cyto_area_ratio_FINAL.csv,AX4
11,358,3749,0.095492131,AX4_E2_DAPI_20180210_2_nuc_cyto_area_ratio_FINAL.csv,AX4
12,302,4628,0.06525497,AX4_E2_DAPI_20180210_2_nuc_cyto_area_ratio_FINAL.csv,AX4
13,367,4835,0.07590486,AX4_E2_DAPI_20180210_2_nuc_cyto_area_ratio_FINAL.csv,AX4
14,290,4594,0.063125816,AX4_E2_DAPI_20180210_2_nuc_cyto_area_ratio_FINAL.csv,AX4
15,292,4600,0.063478261,AX4_E2_DAPI_20180210_2_nuc_cyto_area_ratio_FINAL.csv,AX4
16,141,4032,0.034970238,AX4_E2_DAPI_20180210_2_nuc_cyto_area_ratio_FINAL.csv,AX4
17,77,2461,0.031288094,AX4_E2_DAPI_20180210_2_nuc_cyto_area_ratio_FINAL.csv,AX4
1,1983,4410,0.449659864,DnmA_E11_nuc_cyto_area_ratio_FINAL.csv,DnmA
2,620,2248,0.275800712,DnmA_E11_nuc_cyto_area_ratio_FINAL.csv,DnmA
3,581,2960,0.196283784,DnmA_E11_nuc_cyto_area_ratio_FINAL.csv,DnmA
4,486,2602,0.1867794,DnmA_E11_nuc_cyto_area_ratio_FINAL.csv,DnmA
5,1212,5188,0.233616037,DnmA_E11_nuc_cyto_area_ratio_FINAL.csv,DnmA
6,590,3145,0.187599364,DnmA_E11_nuc_cyto_area_ratio_FINAL.csv,DnmA
7,431,3502,0.12307253,DnmA_E11_nuc_cyto_area_ratio_FINAL.csv,DnmA
8,308,2482,0.124093473,DnmA_E11_nuc_cyto_area_ratio_FINAL.csv,DnmA
9,433,3337,0.129757267,DnmA_E11_nuc_cyto_area_ratio_FINAL.csv,DnmA
10,246,1930,0.12746114,DnmA_E11_nuc_cyto_area_ratio_FINAL.csv,DnmA
11,261,2396,0.108931553,DnmA_E11_nuc_cyto_area_ratio_FINAL.csv,DnmA
12,165,1826,0.090361446,DnmA_E11_nuc_cyto_area_ratio_FINAL.csv,DnmA
13,145,1857,0.078082929,DnmA_E11_nuc_cyto_area_ratio_FINAL.csv,DnmA
14,136,2055,0.066180049,DnmA_E11_nuc_cyto_area_ratio_FINAL.csv,DnmA
15,121,1711,0.070718878,DnmA_E11_nuc_cyto_area_ratio_FINAL.csv,DnmA
16,78,1844,0.042299349,DnmA_E11_nuc_cyto_area_ratio_FINAL.csv,DnmA
17,79,1622,0.048705302,DnmA_E11_nuc_cyto_area_ratio_FINAL.csv,DnmA
18,53,1500,0.035333333,DnmA_E11_nuc_cyto_area_ratio_FINAL.csv,DnmA
1,3412,15769,0.216373898,DnmA_E14_nuc_cyto_area_ratio_FINAL.csv,DnmA
2,1156,5750,0.201043478,DnmA_E14_nuc_cyto_area_ratio_FINAL.csv,DnmA
3,2846,4935,0.576697062,DnmA_E14_nuc_cyto_area_ratio_FINAL.csv,DnmA
4,2982,5872,0.507833787,DnmA_E14_nuc_cyto_area_ratio_FINAL.csv,DnmA
5,992,10159,0.097647406,DnmA_E14_nuc_cyto_area_ratio_FINAL.csv,DnmA
6,602,5268,0.114274867,DnmA_E14_nuc_cyto_area_ratio_FINAL.csv,DnmA
7,1793,11485,0.156116674,DnmA_E14_nuc_cyto_area_ratio_FINAL.csv,DnmA
8,977,8437,0.115799455,DnmA_E14_nuc_cyto_area_ratio_FINAL.csv,DnmA
9,961,13083,0.073454101,DnmA_E14_nuc_cyto_area_ratio_FINAL.csv,DnmA
10,971,8677,0.111905036,DnmA_E14_nuc_cyto_area_ratio_FINAL.csv,DnmA
11,932,7466,0.124832574,DnmA_E14_nuc_cyto_area_ratio_FINAL.csv,DnmA
12,954,9700,0.098350515,DnmA_E14_nuc_cyto_area_ratio_FINAL.csv,DnmA
13,918,9509,0.09654012,DnmA_E14_nuc_cyto_area_ratio_FINAL.csv,DnmA
14,941,8011,0.117463488,DnmA_E14_nuc_cyto_area_ratio_FINAL.csv,DnmA
15,835,9290,0.089881593,DnmA_E14_nuc_cyto_area_ratio_FINAL.csv,DnmA
16,819,7395,0.110750507,DnmA_E14_nuc_cyto_area_ratio_FINAL.csv,DnmA
17,1734,4362,0.397524072,DnmA_E14_nuc_cyto_area_ratio_FINAL.csv,DnmA
18,834,8294,0.100554618,DnmA_E14_nuc_cyto_area_ratio_FINAL.csv,DnmA
19,836,10367,0.080640494,DnmA_E14_nuc_cyto_area_ratio_FINAL.csv,DnmA
20,806,2552,0.315830721,DnmA_E14_nuc_cyto_area_ratio_FINAL.csv,DnmA
21,1541,2519,0.611750695,DnmA_E14_nuc_cyto_area_ratio_FINAL.csv,DnmA
22,1646,3764,0.437300744,DnmA_E14_nuc_cyto_area_ratio_FINAL.csv,DnmA
23,824,5398,0.152649129,DnmA_E14_nuc_cyto_area_ratio_FINAL.csv,DnmA
24,765,9483,0.080670674,DnmA_E14_nuc_cyto_area_ratio_FINAL.csv,DnmA
25,725,7562,0.095874107,DnmA_E14_nuc_cyto_area_ratio_FINAL.csv,DnmA
26,772,8155,0.094665849,DnmA_E14_nuc_cyto_area_ratio_FINAL.csv,DnmA
27,774,7887,0.098136173,DnmA_E14_nuc_cyto_area_ratio_FINAL.csv,DnmA
28,1301,9535,0.136444678,DnmA_E14_nuc_cyto_area_ratio_FINAL.csv,DnmA
29,876,11961,0.073238024,DnmA_E14_nuc_cyto_area_ratio_FINAL.csv,DnmA
30,735,5127,0.143358689,DnmA_E14_nuc_cyto_area_ratio_FINAL.csv,DnmA
31,839,10965,0.076516188,DnmA_E14_nuc_cyto_area_ratio_FINAL.csv,DnmA
32,1592,4127,0.385752362,DnmA_E14_nuc_cyto_area_ratio_FINAL.csv,DnmA
33,827,6993,0.118261118,DnmA_E14_nuc_cyto_area_ratio_FINAL.csv,DnmA
34,707,10126,0.069820265,DnmA_E14_nuc_cyto_area_ratio_FINAL.csv,DnmA
35,736,7358,0.100027181,DnmA_E14_nuc_cyto_area_ratio_FINAL.csv,DnmA
36,1519,2079,0.730639731,DnmA_E14_nuc_cyto_area_ratio_FINAL.csv,DnmA
37,764,5272,0.14491654,DnmA_E14_nuc_cyto_area_ratio_FINAL.csv,DnmA
38,794,4750,0.167157895,DnmA_E14_nuc_cyto_area_ratio_FINAL.csv,DnmA
39,1322,12884,0.102607886,DnmA_E14_nuc_cyto_area_ratio_FINAL.csv,DnmA
40,714,9317,0.07663411,DnmA_E14_nuc_cyto_area_ratio_FINAL.csv,DnmA
41,698,9717,0.07183287,DnmA_E14_nuc_cyto_area_ratio_FINAL.csv,DnmA
42,771,15479,0.049809419,DnmA_E14_nuc_cyto_area_ratio_FINAL.csv,DnmA
43,721,8650,0.083352601,DnmA_E14_nuc_cyto_area_ratio_FINAL.csv,DnmA
44,708,11359,0.06232943,DnmA_E14_nuc_cyto_area_ratio_FINAL.csv,DnmA
45,702,6037,0.116282922,DnmA_E14_nuc_cyto_area_ratio_FINAL.csv,DnmA
46,662,7744,0.085485537,DnmA_E14_nuc_cyto_area_ratio_FINAL.csv,DnmA
47,634,6675,0.094981273,DnmA_E14_nuc_cyto_area_ratio_FINAL.csv,DnmA
48,701,4000,0.17525,DnmA_E14_nuc_cyto_area_ratio_FINAL.csv,DnmA
49,688,7340,0.09373297,DnmA_E14_nuc_cyto_area_ratio_FINAL.csv,DnmA
50,753,2838,0.265327696,DnmA_E14_nuc_cyto_area_ratio_FINAL.csv,DnmA
51,791,2265,0.349227373,DnmA_E14_nuc_cyto_area_ratio_FINAL.csv,DnmA
52,670,4706,0.142371441,DnmA_E14_nuc_cyto_area_ratio_FINAL.csv,DnmA
53,670,12879,0.052022673,DnmA_E14_nuc_cyto_area_ratio_FINAL.csv,DnmA
54,682,7887,0.086471409,DnmA_E14_nuc_cyto_area_ratio_FINAL.csv,DnmA
55,673,9680,0.069524793,DnmA_E14_nuc_cyto_area_ratio_FINAL.csv,DnmA
56,1150,3879,0.296468162,DnmA_E14_nuc_cyto_area_ratio_FINAL.csv,DnmA
57,682,8796,0.077535243,DnmA_E14_nuc_cyto_area_ratio_FINAL.csv,DnmA
58,724,4911,0.14742415,DnmA_E14_nuc_cyto_area_ratio_FINAL.csv,DnmA
59,607,7771,0.078110925,DnmA_E14_nuc_cyto_area_ratio_FINAL.csv,DnmA
60,631,2282,0.276511832,DnmA_E14_nuc_cyto_area_ratio_FINAL.csv,DnmA
61,612,9915,0.06172466,DnmA_E14_nuc_cyto_area_ratio_FINAL.csv,DnmA
62,589,3809,0.154633762,DnmA_E14_nuc_cyto_area_ratio_FINAL.csv,DnmA
63,1176,10480,0.11221374,DnmA_E14_nuc_cyto_area_ratio_FINAL.csv,DnmA
64,688,5138,0.133904243,DnmA_E14_nuc_cyto_area_ratio_FINAL.csv,DnmA
65,625,7357,0.084953106,DnmA_E14_nuc_cyto_area_ratio_FINAL.csv,DnmA
66,600,9960,0.060240964,DnmA_E14_nuc_cyto_area_ratio_FINAL.csv,DnmA
67,903,11019,0.08194936,DnmA_E14_nuc_cyto_area_ratio_FINAL.csv,DnmA
68,429,2392,0.179347826,DnmA_E14_nuc_cyto_area_ratio_FINAL.csv,DnmA
69,594,3118,0.190506735,DnmA_E14_nuc_cyto_area_ratio_FINAL.csv,DnmA
70,527,2576,0.204580745,DnmA_E14_nuc_cyto_area_ratio_FINAL.csv,DnmA
71,539,4491,0.120017813,DnmA_E14_nuc_cyto_area_ratio_FINAL.csv,DnmA
72,401,2457,0.163207163,DnmA_E14_nuc_cyto_area_ratio_FINAL.csv,DnmA
73,470,4107,0.114438763,DnmA_E14_nuc_cyto_area_ratio_FINAL.csv,DnmA
74,401,3118,0.128608082,DnmA_E14_nuc_cyto_area_ratio_FINAL.csv,DnmA
75,390,4618,0.084452144,DnmA_E14_nuc_cyto_area_ratio_FINAL.csv,DnmA
76,669,10050,0.066567164,DnmA_E14_nuc_cyto_area_ratio_FINAL.csv,DnmA
77,535,5301,0.100924354,DnmA_E14_nuc_cyto_area_ratio_FINAL.csv,DnmA
78,210,5246,0.040030499,DnmA_E14_nuc_cyto_area_ratio_FINAL.csv,DnmA
79,327,4983,0.065623119,DnmA_E14_nuc_cyto_area_ratio_FINAL.csv,DnmA
80,173,3069,0.056370153,DnmA_E14_nuc_cyto_area_ratio_FINAL.csv,DnmA
81,77,2971,0.0259172,DnmA_E14_nuc_cyto_area_ratio_FINAL.csv,DnmA
82,73,1369,0.053323594,DnmA_E14_nuc_cyto_area_ratio_FINAL.csv,DnmA
1,2628,27731,0.094767589,DnmA_E16_nuc_cyto_area_ratio_FINAL.csv,DnmA
1,4568,29698,0.153815072,DnmA_E18_nuc_cyto_area_ratio_FINAL.csv,DnmA
1,3476,29305,0.118614571,DnmA_E19_nuc_cyto_area_ratio_FINAL.csv,DnmA
1,1204,10611,0.113467157,DnmA_E1_nuc_cyto_area_ratio_FINAL.csv,DnmA
2,1034,7839,0.13190458,DnmA_E1_nuc_cyto_area_ratio_FINAL.csv,DnmA
3,1007,8742,0.115191032,DnmA_E1_nuc_cyto_area_ratio_FINAL.csv,DnmA
4,243,1453,0.167240193,DnmA_E1_nuc_cyto_area_ratio_FINAL.csv,DnmA
5,935,9225,0.101355014,DnmA_E1_nuc_cyto_area_ratio_FINAL.csv,DnmA
6,306,1862,0.16433942,DnmA_E1_nuc_cyto_area_ratio_FINAL.csv,DnmA
7,288,2002,0.143856144,DnmA_E1_nuc_cyto_area_ratio_FINAL.csv,DnmA
8,199,933,0.213290461,DnmA_E1_nuc_cyto_area_ratio_FINAL.csv,DnmA
9,748,4860,0.153909465,DnmA_E1_nuc_cyto_area_ratio_FINAL.csv,DnmA
10,637,5525,0.115294118,DnmA_E1_nuc_cyto_area_ratio_FINAL.csv,DnmA
11,509,2927,0.173898189,DnmA_E1_nuc_cyto_area_ratio_FINAL.csv,DnmA
12,976,7783,0.125401516,DnmA_E1_nuc_cyto_area_ratio_FINAL.csv,DnmA
13,156,1607,0.097075296,DnmA_E1_nuc_cyto_area_ratio_FINAL.csv,DnmA
14,322,1227,0.262428688,DnmA_E1_nuc_cyto_area_ratio_FINAL.csv,DnmA
15,1145,9219,0.124200022,DnmA_E1_nuc_cyto_area_ratio_FINAL.csv,DnmA
16,302,3439,0.087816226,DnmA_E1_nuc_cyto_area_ratio_FINAL.csv,DnmA
17,148,1201,0.123230641,DnmA_E1_nuc_cyto_area_ratio_FINAL.csv,DnmA
18,533,4448,0.119829137,DnmA_E1_nuc_cyto_area_ratio_FINAL.csv,DnmA
19,412,2411,0.170883451,DnmA_E1_nuc_cyto_area_ratio_FINAL.csv,DnmA
20,482,4233,0.113867234,DnmA_E1_nuc_cyto_area_ratio_FINAL.csv,DnmA
21,143,1484,0.096361186,DnmA_E1_nuc_cyto_area_ratio_FINAL.csv,DnmA
22,300,2427,0.123609394,DnmA_E1_nuc_cyto_area_ratio_FINAL.csv,DnmA
23,1642,11441,0.143518923,DnmA_E1_nuc_cyto_area_ratio_FINAL.csv,DnmA
24,556,3644,0.152579583,DnmA_E1_nuc_cyto_area_ratio_FINAL.csv,DnmA
25,154,1523,0.101116218,DnmA_E1_nuc_cyto_area_ratio_FINAL.csv,DnmA
26,210,2050,0.102439024,DnmA_E1_nuc_cyto_area_ratio_FINAL.csv,DnmA
27,142,1642,0.086479903,DnmA_E1_nuc_cyto_area_ratio_FINAL.csv,DnmA
28,137,1317,0.104024298,DnmA_E1_nuc_cyto_area_ratio_FINAL.csv,DnmA
29,171,839,0.203814064,DnmA_E1_nuc_cyto_area_ratio_FINAL.csv,DnmA
30,131,1311,0.099923722,DnmA_E1_nuc_cyto_area_ratio_FINAL.csv,DnmA
31,340,4174,0.081456636,DnmA_E1_nuc_cyto_area_ratio_FINAL.csv,DnmA
32,191,1450,0.131724138,DnmA_E1_nuc_cyto_area_ratio_FINAL.csv,DnmA
33,251,1886,0.133085896,DnmA_E1_nuc_cyto_area_ratio_FINAL.csv,DnmA
34,308,3560,0.086516854,DnmA_E1_nuc_cyto_area_ratio_FINAL.csv,DnmA
35,603,3991,0.151089952,DnmA_E1_nuc_cyto_area_ratio_FINAL.csv,DnmA
36,130,1095,0.118721461,DnmA_E1_nuc_cyto_area_ratio_FINAL.csv,DnmA
37,387,4091,0.094597898,DnmA_E1_nuc_cyto_area_ratio_FINAL.csv,DnmA
38,294,4214,0.069767442,DnmA_E1_nuc_cyto_area_ratio_FINAL.csv,DnmA
39,118,850,0.138823529,DnmA_E1_nuc_cyto_area_ratio_FINAL.csv,DnmA
40,116,828,0.140096618,DnmA_E1_nuc_cyto_area_ratio_FINAL.csv,DnmA
41,181,2760,0.06557971,DnmA_E1_nuc_cyto_area_ratio_FINAL.csv,DnmA
42,190,1617,0.117501546,DnmA_E1_nuc_cyto_area_ratio_FINAL.csv,DnmA
43,399,4998,0.079831933,DnmA_E1_nuc_cyto_area_ratio_FINAL.csv,DnmA
44,117,732,0.159836066,DnmA_E1_nuc_cyto_area_ratio_FINAL.csv,DnmA
45,417,4051,0.102937546,DnmA_E1_nuc_cyto_area_ratio_FINAL.csv,DnmA
46,206,2892,0.071230982,DnmA_E1_nuc_cyto_area_ratio_FINAL.csv,DnmA
47,90,776,0.115979381,DnmA_E1_nuc_cyto_area_ratio_FINAL.csv,DnmA
48,199,1781,0.11173498,DnmA_E1_nuc_cyto_area_ratio_FINAL.csv,DnmA
49,69,647,0.106646059,DnmA_E1_nuc_cyto_area_ratio_FINAL.csv,DnmA
50,62,1015,0.061083744,DnmA_E1_nuc_cyto_area_ratio_FINAL.csv,DnmA
51,52,1724,0.030162413,DnmA_E1_nuc_cyto_area_ratio_FINAL.csv,DnmA
52,51,947,0.053854277,DnmA_E1_nuc_cyto_area_ratio_FINAL.csv,DnmA
53,52,1066,0.048780488,DnmA_E1_nuc_cyto_area_ratio_FINAL.csv,DnmA
1,3170,29043,0.109148504,DnmA_E20_nuc_cyto_area_ratio_FINAL.csv,DnmA
2,385,2125,0.181176471,DnmA_E20_nuc_cyto_area_ratio_FINAL.csv,DnmA
3,578,4021,0.143745337,DnmA_E20_nuc_cyto_area_ratio_FINAL.csv,DnmA
4,513,3037,0.168916694,DnmA_E20_nuc_cyto_area_ratio_FINAL.csv,DnmA
5,1264,8623,0.146584715,DnmA_E20_nuc_cyto_area_ratio_FINAL.csv,DnmA
6,1206,3304,0.365012107,DnmA_E20_nuc_cyto_area_ratio_FINAL.csv,DnmA
7,477,2694,0.177060134,DnmA_E20_nuc_cyto_area_ratio_FINAL.csv,DnmA
8,466,11922,0.039087401,DnmA_E20_nuc_cyto_area_ratio_FINAL.csv,DnmA
9,843,3614,0.233259546,DnmA_E20_nuc_cyto_area_ratio_FINAL.csv,DnmA
10,403,4854,0.08302431,DnmA_E20_nuc_cyto_area_ratio_FINAL.csv,DnmA
11,347,2868,0.120990237,DnmA_E20_nuc_cyto_area_ratio_FINAL.csv,DnmA
12,360,4619,0.077938948,DnmA_E20_nuc_cyto_area_ratio_FINAL.csv,DnmA
13,367,3007,0.122048553,DnmA_E20_nuc_cyto_area_ratio_FINAL.csv,DnmA
14,348,3831,0.090837901,DnmA_E20_nuc_cyto_area_ratio_FINAL.csv,DnmA
15,316,4721,0.066934971,DnmA_E20_nuc_cyto_area_ratio_FINAL.csv,DnmA
16,326,3732,0.087352626,DnmA_E20_nuc_cyto_area_ratio_FINAL.csv,DnmA
17,842,9853,0.085456206,DnmA_E20_nuc_cyto_area_ratio_FINAL.csv,DnmA
18,336,3006,0.111776447,DnmA_E20_nuc_cyto_area_ratio_FINAL.csv,DnmA
19,951,7042,0.135046862,DnmA_E20_nuc_cyto_area_ratio_FINAL.csv,DnmA
20,287,686,0.418367347,DnmA_E20_nuc_cyto_area_ratio_FINAL.csv,DnmA
21,1985,17581,0.112905978,DnmA_E20_nuc_cyto_area_ratio_FINAL.csv,DnmA
22,592,5451,0.108603926,DnmA_E20_nuc_cyto_area_ratio_FINAL.csv,DnmA
23,583,6924,0.084199884,DnmA_E20_nuc_cyto_area_ratio_FINAL.csv,DnmA
24,296,6070,0.048764415,DnmA_E20_nuc_cyto_area_ratio_FINAL.csv,DnmA
25,1008,18330,0.054991817,DnmA_E20_nuc_cyto_area_ratio_FINAL.csv,DnmA
26,475,10453,0.0454415,DnmA_E20_nuc_cyto_area_ratio_FINAL.csv,DnmA
27,258,2776,0.092939481,DnmA_E20_nuc_cyto_area_ratio_FINAL.csv,DnmA
28,294,5838,0.050359712,DnmA_E20_nuc_cyto_area_ratio_FINAL.csv,DnmA
29,315,4600,0.068478261,DnmA_E20_nuc_cyto_area_ratio_FINAL.csv,DnmA
30,207,984,0.210365854,DnmA_E20_nuc_cyto_area_ratio_FINAL.csv,DnmA
31,257,2838,0.09055673,DnmA_E20_nuc_cyto_area_ratio_FINAL.csv,DnmA
32,223,2991,0.074557004,DnmA_E20_nuc_cyto_area_ratio_FINAL.csv,DnmA
33,172,3806,0.045191802,DnmA_E20_nuc_cyto_area_ratio_FINAL.csv,DnmA
34,53,2670,0.019850187,DnmA_E20_nuc_cyto_area_ratio_FINAL.csv,DnmA
35,67,3200,0.0209375,DnmA_E20_nuc_cyto_area_ratio_FINAL.csv,DnmA
1,2105,3688,0.570770065,DnmA_E22_nuc_cyto_area_ratio_FINAL.csv,DnmA
2,2628,11518,0.228164612,DnmA_E22_nuc_cyto_area_ratio_FINAL.csv,DnmA
3,2020,4564,0.442594216,DnmA_E22_nuc_cyto_area_ratio_FINAL.csv,DnmA
4,5212,19004,0.274258051,DnmA_E22_nuc_cyto_area_ratio_FINAL.csv,DnmA
5,1983,10419,0.190325367,DnmA_E22_nuc_cyto_area_ratio_FINAL.csv,DnmA
6,1236,9645,0.1281493,DnmA_E22_nuc_cyto_area_ratio_FINAL.csv,DnmA
7,2593,11517,0.225145437,DnmA_E22_nuc_cyto_area_ratio_FINAL.csv,DnmA
8,1654,9483,0.174417378,DnmA_E22_nuc_cyto_area_ratio_FINAL.csv,DnmA
9,731,5902,0.12385632,DnmA_E22_nuc_cyto_area_ratio_FINAL.csv,DnmA
10,694,3051,0.227466404,DnmA_E22_nuc_cyto_area_ratio_FINAL.csv,DnmA
11,459,1979,0.231935321,DnmA_E22_nuc_cyto_area_ratio_FINAL.csv,DnmA
12,716,6140,0.116612378,DnmA_E22_nuc_cyto_area_ratio_FINAL.csv,DnmA
13,1024,7874,0.13004826,DnmA_E22_nuc_cyto_area_ratio_FINAL.csv,DnmA
14,411,2497,0.164597517,DnmA_E22_nuc_cyto_area_ratio_FINAL.csv,DnmA
15,876,8075,0.108482972,DnmA_E22_nuc_cyto_area_ratio_FINAL.csv,DnmA
16,386,2133,0.180965776,DnmA_E22_nuc_cyto_area_ratio_FINAL.csv,DnmA
17,381,1720,0.221511628,DnmA_E22_nuc_cyto_area_ratio_FINAL.csv,DnmA
18,364,3591,0.101364522,DnmA_E22_nuc_cyto_area_ratio_FINAL.csv,DnmA
19,303,2526,0.119952494,DnmA_E22_nuc_cyto_area_ratio_FINAL.csv,DnmA
20,650,7727,0.084120616,DnmA_E22_nuc_cyto_area_ratio_FINAL.csv,DnmA
21,806,4698,0.171562367,DnmA_E22_nuc_cyto_area_ratio_FINAL.csv,DnmA
22,499,5598,0.089138978,DnmA_E22_nuc_cyto_area_ratio_FINAL.csv,DnmA
23,358,6675,0.053632959,DnmA_E22_nuc_cyto_area_ratio_FINAL.csv,DnmA
24,400,3967,0.100831863,DnmA_E22_nuc_cyto_area_ratio_FINAL.csv,DnmA
25,288,3542,0.081309994,DnmA_E22_nuc_cyto_area_ratio_FINAL.csv,DnmA
26,870,8217,0.105878058,DnmA_E22_nuc_cyto_area_ratio_FINAL.csv,DnmA
27,709,4546,0.155961285,DnmA_E22_nuc_cyto_area_ratio_FINAL.csv,DnmA
28,281,3846,0.073062923,DnmA_E22_nuc_cyto_area_ratio_FINAL.csv,DnmA
29,494,2774,0.178082192,DnmA_E22_nuc_cyto_area_ratio_FINAL.csv,DnmA
30,405,4202,0.096382675,DnmA_E22_nuc_cyto_area_ratio_FINAL.csv,DnmA
31,478,3543,0.134913915,DnmA_E22_nuc_cyto_area_ratio_FINAL.csv,DnmA
32,551,5235,0.105253104,DnmA_E22_nuc_cyto_area_ratio_FINAL.csv,DnmA
33,470,3865,0.12160414,DnmA_E22_nuc_cyto_area_ratio_FINAL.csv,DnmA
34,791,4409,0.179405761,DnmA_E22_nuc_cyto_area_ratio_FINAL.csv,DnmA
35,269,4487,0.059950969,DnmA_E22_nuc_cyto_area_ratio_FINAL.csv,DnmA
36,326,2756,0.118287373,DnmA_E22_nuc_cyto_area_ratio_FINAL.csv,DnmA
37,479,7912,0.06054095,DnmA_E22_nuc_cyto_area_ratio_FINAL.csv,DnmA
38,375,6153,0.06094588,DnmA_E22_nuc_cyto_area_ratio_FINAL.csv,DnmA
39,448,2408,0.186046512,DnmA_E22_nuc_cyto_area_ratio_FINAL.csv,DnmA
40,166,3873,0.042860831,DnmA_E22_nuc_cyto_area_ratio_FINAL.csv,DnmA
41,186,1856,0.100215517,DnmA_E22_nuc_cyto_area_ratio_FINAL.csv,DnmA
42,356,4682,0.076035882,DnmA_E22_nuc_cyto_area_ratio_FINAL.csv,DnmA
43,238,2299,0.103523271,DnmA_E22_nuc_cyto_area_ratio_FINAL.csv,DnmA
44,209,1882,0.111052072,DnmA_E22_nuc_cyto_area_ratio_FINAL.csv,DnmA
45,175,601,0.291181364,DnmA_E22_nuc_cyto_area_ratio_FINAL.csv,DnmA
46,434,4391,0.098838533,DnmA_E22_nuc_cyto_area_ratio_FINAL.csv,DnmA
47,526,3807,0.138166535,DnmA_E22_nuc_cyto_area_ratio_FINAL.csv,DnmA
48,569,5601,0.101589002,DnmA_E22_nuc_cyto_area_ratio_FINAL.csv,DnmA
49,270,3023,0.08931525,DnmA_E22_nuc_cyto_area_ratio_FINAL.csv,DnmA
50,174,1675,0.103880597,DnmA_E22_nuc_cyto_area_ratio_FINAL.csv,DnmA
51,176,12821,0.013727478,DnmA_E22_nuc_cyto_area_ratio_FINAL.csv,DnmA
52,263,2512,0.104697452,DnmA_E22_nuc_cyto_area_ratio_FINAL.csv,DnmA
53,224,2567,0.087261395,DnmA_E22_nuc_cyto_area_ratio_FINAL.csv,DnmA
54,161,2688,0.059895833,DnmA_E22_nuc_cyto_area_ratio_FINAL.csv,DnmA
55,307,730,0.420547945,DnmA_E22_nuc_cyto_area_ratio_FINAL.csv,DnmA
56,292,3378,0.086441681,DnmA_E22_nuc_cyto_area_ratio_FINAL.csv,DnmA
57,276,5014,0.055045872,DnmA_E22_nuc_cyto_area_ratio_FINAL.csv,DnmA
58,265,2722,0.097354886,DnmA_E22_nuc_cyto_area_ratio_FINAL.csv,DnmA
59,140,1774,0.0789177,DnmA_E22_nuc_cyto_area_ratio_FINAL.csv,DnmA
60,141,5694,0.024762908,DnmA_E22_nuc_cyto_area_ratio_FINAL.csv,DnmA
61,127,488,0.260245902,DnmA_E22_nuc_cyto_area_ratio_FINAL.csv,DnmA
62,216,1364,0.158357771,DnmA_E22_nuc_cyto_area_ratio_FINAL.csv,DnmA
63,239,3901,0.061266342,DnmA_E22_nuc_cyto_area_ratio_FINAL.csv,DnmA
64,123,3069,0.040078201,DnmA_E22_nuc_cyto_area_ratio_FINAL.csv,DnmA
65,253,3519,0.071895425,DnmA_E22_nuc_cyto_area_ratio_FINAL.csv,DnmA
66,132,228,0.578947368,DnmA_E22_nuc_cyto_area_ratio_FINAL.csv,DnmA
67,256,1107,0.231255646,DnmA_E22_nuc_cyto_area_ratio_FINAL.csv,DnmA
68,135,1825,0.073972603,DnmA_E22_nuc_cyto_area_ratio_FINAL.csv,DnmA
69,203,4209,0.048229983,DnmA_E22_nuc_cyto_area_ratio_FINAL.csv,DnmA
70,131,335,0.391044776,DnmA_E22_nuc_cyto_area_ratio_FINAL.csv,DnmA
71,235,3802,0.061809574,DnmA_E22_nuc_cyto_area_ratio_FINAL.csv,DnmA
72,115,354,0.324858757,DnmA_E22_nuc_cyto_area_ratio_FINAL.csv,DnmA
73,120,862,0.139211137,DnmA_E22_nuc_cyto_area_ratio_FINAL.csv,DnmA
74,120,1044,0.114942529,DnmA_E22_nuc_cyto_area_ratio_FINAL.csv,DnmA
75,118,1110,0.106306306,DnmA_E22_nuc_cyto_area_ratio_FINAL.csv,DnmA
76,122,1159,0.105263158,DnmA_E22_nuc_cyto_area_ratio_FINAL.csv,DnmA
77,295,4941,0.059704513,DnmA_E22_nuc_cyto_area_ratio_FINAL.csv,DnmA
78,105,2182,0.04812099,DnmA_E22_nuc_cyto_area_ratio_FINAL.csv,DnmA
79,216,2201,0.09813721,DnmA_E22_nuc_cyto_area_ratio_FINAL.csv,DnmA
80,113,873,0.129438717,DnmA_E22_nuc_cyto_area_ratio_FINAL.csv,DnmA
81,192,2267,0.084693427,DnmA_E22_nuc_cyto_area_ratio_FINAL.csv,DnmA
82,178,6205,0.028686543,DnmA_E22_nuc_cyto_area_ratio_FINAL.csv,DnmA
83,215,3048,0.070538058,DnmA_E22_nuc_cyto_area_ratio_FINAL.csv,DnmA
84,95,1808,0.052544248,DnmA_E22_nuc_cyto_area_ratio_FINAL.csv,DnmA
85,102,1427,0.071478626,DnmA_E22_nuc_cyto_area_ratio_FINAL.csv,DnmA
86,111,524,0.211832061,DnmA_E22_nuc_cyto_area_ratio_FINAL.csv,DnmA
87,193,1947,0.099126862,DnmA_E22_nuc_cyto_area_ratio_FINAL.csv,DnmA
88,77,394,0.195431472,DnmA_E22_nuc_cyto_area_ratio_FINAL.csv,DnmA
89,95,1545,0.061488673,DnmA_E22_nuc_cyto_area_ratio_FINAL.csv,DnmA
90,79,816,0.096813725,DnmA_E22_nuc_cyto_area_ratio_FINAL.csv,DnmA
91,94,1357,0.06927045,DnmA_E22_nuc_cyto_area_ratio_FINAL.csv,DnmA
92,80,1616,0.04950495,DnmA_E22_nuc_cyto_area_ratio_FINAL.csv,DnmA
93,149,2904,0.05130854,DnmA_E22_nuc_cyto_area_ratio_FINAL.csv,DnmA
94,97,997,0.097291876,DnmA_E22_nuc_cyto_area_ratio_FINAL.csv,DnmA
95,175,3127,0.055964183,DnmA_E22_nuc_cyto_area_ratio_FINAL.csv,DnmA
96,176,6480,0.027160494,DnmA_E22_nuc_cyto_area_ratio_FINAL.csv,DnmA
97,109,556,0.196043165,DnmA_E22_nuc_cyto_area_ratio_FINAL.csv,DnmA
98,96,2838,0.033826638,DnmA_E22_nuc_cyto_area_ratio_FINAL.csv,DnmA
99,189,1499,0.126084056,DnmA_E22_nuc_cyto_area_ratio_FINAL.csv,DnmA
100,88,479,0.183716075,DnmA_E22_nuc_cyto_area_ratio_FINAL.csv,DnmA
101,92,997,0.09227683,DnmA_E22_nuc_cyto_area_ratio_FINAL.csv,DnmA
102,83,1188,0.06986532,DnmA_E22_nuc_cyto_area_ratio_FINAL.csv,DnmA
103,105,516,0.203488372,DnmA_E22_nuc_cyto_area_ratio_FINAL.csv,DnmA
104,63,666,0.094594595,DnmA_E22_nuc_cyto_area_ratio_FINAL.csv,DnmA
105,62,2377,0.026083298,DnmA_E22_nuc_cyto_area_ratio_FINAL.csv,DnmA
106,64,802,0.079800499,DnmA_E22_nuc_cyto_area_ratio_FINAL.csv,DnmA
107,58,1070,0.054205607,DnmA_E22_nuc_cyto_area_ratio_FINAL.csv,DnmA
1,1579,6740,0.234272997,DnmA_E23_nuc_cyto_area_ratio_FINAL.csv,DnmA
2,1032,3721,0.2773448,DnmA_E23_nuc_cyto_area_ratio_FINAL.csv,DnmA
3,1040,2826,0.368011323,DnmA_E23_nuc_cyto_area_ratio_FINAL.csv,DnmA
4,522,2987,0.174757282,DnmA_E23_nuc_cyto_area_ratio_FINAL.csv,DnmA
5,723,2926,0.24709501,DnmA_E23_nuc_cyto_area_ratio_FINAL.csv,DnmA
6,369,1988,0.185613682,DnmA_E23_nuc_cyto_area_ratio_FINAL.csv,DnmA
7,738,6187,0.119282366,DnmA_E23_nuc_cyto_area_ratio_FINAL.csv,DnmA
8,575,3114,0.184649968,DnmA_E23_nuc_cyto_area_ratio_FINAL.csv,DnmA
9,488,2935,0.166269165,DnmA_E23_nuc_cyto_area_ratio_FINAL.csv,DnmA
10,371,2049,0.181063934,DnmA_E23_nuc_cyto_area_ratio_FINAL.csv,DnmA
11,401,2352,0.170493197,DnmA_E23_nuc_cyto_area_ratio_FINAL.csv,DnmA
12,280,1895,0.147757256,DnmA_E23_nuc_cyto_area_ratio_FINAL.csv,DnmA
13,477,4482,0.106425703,DnmA_E23_nuc_cyto_area_ratio_FINAL.csv,DnmA
14,246,2089,0.117759694,DnmA_E23_nuc_cyto_area_ratio_FINAL.csv,DnmA
15,412,2599,0.158522509,DnmA_E23_nuc_cyto_area_ratio_FINAL.csv,DnmA
16,260,2472,0.105177994,DnmA_E23_nuc_cyto_area_ratio_FINAL.csv,DnmA
17,271,2596,0.104391371,DnmA_E23_nuc_cyto_area_ratio_FINAL.csv,DnmA
18,205,2854,0.071829012,DnmA_E23_nuc_cyto_area_ratio_FINAL.csv,DnmA
19,396,3051,0.12979351,DnmA_E23_nuc_cyto_area_ratio_FINAL.csv,DnmA
20,212,1508,0.140583554,DnmA_E23_nuc_cyto_area_ratio_FINAL.csv,DnmA
21,203,2316,0.087651123,DnmA_E23_nuc_cyto_area_ratio_FINAL.csv,DnmA
22,193,1011,0.190900099,DnmA_E23_nuc_cyto_area_ratio_FINAL.csv,DnmA
23,232,1784,0.130044843,DnmA_E23_nuc_cyto_area_ratio_FINAL.csv,DnmA
24,189,1430,0.132167832,DnmA_E23_nuc_cyto_area_ratio_FINAL.csv,DnmA
25,207,1970,0.105076142,DnmA_E23_nuc_cyto_area_ratio_FINAL.csv,DnmA
26,202,2394,0.084377611,DnmA_E23_nuc_cyto_area_ratio_FINAL.csv,DnmA
27,217,2066,0.105033882,DnmA_E23_nuc_cyto_area_ratio_FINAL.csv,DnmA
28,205,2818,0.072746629,DnmA_E23_nuc_cyto_area_ratio_FINAL.csv,DnmA
29,195,1669,0.116836429,DnmA_E23_nuc_cyto_area_ratio_FINAL.csv,DnmA
30,199,2259,0.088092076,DnmA_E23_nuc_cyto_area_ratio_FINAL.csv,DnmA
31,177,1278,0.138497653,DnmA_E23_nuc_cyto_area_ratio_FINAL.csv,DnmA
32,359,2391,0.150146382,DnmA_E23_nuc_cyto_area_ratio_FINAL.csv,DnmA
33,342,2573,0.132918772,DnmA_E23_nuc_cyto_area_ratio_FINAL.csv,DnmA
34,169,1061,0.159283695,DnmA_E23_nuc_cyto_area_ratio_FINAL.csv,DnmA
35,183,1520,0.120394737,DnmA_E23_nuc_cyto_area_ratio_FINAL.csv,DnmA
36,164,2016,0.081349206,DnmA_E23_nuc_cyto_area_ratio_FINAL.csv,DnmA
37,166,1223,0.135731807,DnmA_E23_nuc_cyto_area_ratio_FINAL.csv,DnmA
38,182,1547,0.117647059,DnmA_E23_nuc_cyto_area_ratio_FINAL.csv,DnmA
39,160,1425,0.112280702,DnmA_E23_nuc_cyto_area_ratio_FINAL.csv,DnmA
40,152,1316,0.11550152,DnmA_E23_nuc_cyto_area_ratio_FINAL.csv,DnmA
41,158,1240,0.127419355,DnmA_E23_nuc_cyto_area_ratio_FINAL.csv,DnmA
42,311,1875,0.165866667,DnmA_E23_nuc_cyto_area_ratio_FINAL.csv,DnmA
43,148,734,0.201634877,DnmA_E23_nuc_cyto_area_ratio_FINAL.csv,DnmA
44,159,2034,0.078171091,DnmA_E23_nuc_cyto_area_ratio_FINAL.csv,DnmA
45,172,1088,0.158088235,DnmA_E23_nuc_cyto_area_ratio_FINAL.csv,DnmA
46,160,1826,0.08762322,DnmA_E23_nuc_cyto_area_ratio_FINAL.csv,DnmA
47,149,1721,0.086577571,DnmA_E23_nuc_cyto_area_ratio_FINAL.csv,DnmA
48,156,1746,0.089347079,DnmA_E23_nuc_cyto_area_ratio_FINAL.csv,DnmA
49,152,939,0.161874334,DnmA_E23_nuc_cyto_area_ratio_FINAL.csv,DnmA
50,170,1460,0.116438356,DnmA_E23_nuc_cyto_area_ratio_FINAL.csv,DnmA
51,144,1137,0.126649077,DnmA_E23_nuc_cyto_area_ratio_FINAL.csv,DnmA
52,288,1914,0.150470219,DnmA_E23_nuc_cyto_area_ratio_FINAL.csv,DnmA
53,141,1331,0.105935387,DnmA_E23_nuc_cyto_area_ratio_FINAL.csv,DnmA
54,153,847,0.180637544,DnmA_E23_nuc_cyto_area_ratio_FINAL.csv,DnmA
55,135,705,0.191489362,DnmA_E23_nuc_cyto_area_ratio_FINAL.csv,DnmA
56,229,2484,0.092190016,DnmA_E23_nuc_cyto_area_ratio_FINAL.csv,DnmA
57,125,1244,0.100482315,DnmA_E23_nuc_cyto_area_ratio_FINAL.csv,DnmA
58,136,1159,0.117342537,DnmA_E23_nuc_cyto_area_ratio_FINAL.csv,DnmA
59,223,1995,0.111779449,DnmA_E23_nuc_cyto_area_ratio_FINAL.csv,DnmA
60,127,1108,0.114620939,DnmA_E23_nuc_cyto_area_ratio_FINAL.csv,DnmA
61,247,4165,0.059303721,DnmA_E23_nuc_cyto_area_ratio_FINAL.csv,DnmA
62,120,1517,0.079103494,DnmA_E23_nuc_cyto_area_ratio_FINAL.csv,DnmA
63,122,1515,0.080528053,DnmA_E23_nuc_cyto_area_ratio_FINAL.csv,DnmA
64,116,1544,0.075129534,DnmA_E23_nuc_cyto_area_ratio_FINAL.csv,DnmA
65,116,1180,0.098305085,DnmA_E23_nuc_cyto_area_ratio_FINAL.csv,DnmA
66,113,850,0.132941176,DnmA_E23_nuc_cyto_area_ratio_FINAL.csv,DnmA
67,109,1389,0.078473722,DnmA_E23_nuc_cyto_area_ratio_FINAL.csv,DnmA
68,104,1154,0.090121317,DnmA_E23_nuc_cyto_area_ratio_FINAL.csv,DnmA
69,88,966,0.091097308,DnmA_E23_nuc_cyto_area_ratio_FINAL.csv,DnmA
70,91,909,0.100110011,DnmA_E23_nuc_cyto_area_ratio_FINAL.csv,DnmA
71,99,750,0.132,DnmA_E23_nuc_cyto_area_ratio_FINAL.csv,DnmA
72,81,729,0.111111111,DnmA_E23_nuc_cyto_area_ratio_FINAL.csv,DnmA
73,85,782,0.108695652,DnmA_E23_nuc_cyto_area_ratio_FINAL.csv,DnmA
74,63,1200,0.0525,DnmA_E23_nuc_cyto_area_ratio_FINAL.csv,DnmA
1,2415,5058,0.477461447,DnmA_E2_nuc_cyto_area_ratio_FINAL.csv,DnmA
2,1056,2917,0.36201577,DnmA_E2_nuc_cyto_area_ratio_FINAL.csv,DnmA
3,1031,4019,0.256531475,DnmA_E2_nuc_cyto_area_ratio_FINAL.csv,DnmA
4,509,3053,0.166721258,DnmA_E2_nuc_cyto_area_ratio_FINAL.csv,DnmA
5,400,2817,0.14199503,DnmA_E2_nuc_cyto_area_ratio_FINAL.csv,DnmA
6,344,2708,0.127031019,DnmA_E2_nuc_cyto_area_ratio_FINAL.csv,DnmA
7,387,2824,0.13703966,DnmA_E2_nuc_cyto_area_ratio_FINAL.csv,DnmA
8,355,2407,0.147486498,DnmA_E2_nuc_cyto_area_ratio_FINAL.csv,DnmA
9,303,2627,0.115340693,DnmA_E2_nuc_cyto_area_ratio_FINAL.csv,DnmA
10,305,2635,0.115749526,DnmA_E2_nuc_cyto_area_ratio_FINAL.csv,DnmA
11,300,2622,0.114416476,DnmA_E2_nuc_cyto_area_ratio_FINAL.csv,DnmA
12,139,1286,0.108087092,DnmA_E2_nuc_cyto_area_ratio_FINAL.csv,DnmA
13,269,2553,0.105366236,DnmA_E2_nuc_cyto_area_ratio_FINAL.csv,DnmA
14,262,2536,0.103312303,DnmA_E2_nuc_cyto_area_ratio_FINAL.csv,DnmA
15,245,2509,0.097648466,DnmA_E2_nuc_cyto_area_ratio_FINAL.csv,DnmA
16,248,2530,0.098023715,DnmA_E2_nuc_cyto_area_ratio_FINAL.csv,DnmA
1,4018,26617,0.150956156,DnmA_E4_nuc_cyto_area_ratio_FINAL.csv,DnmA
1,2201,11979,0.183738209,DnmA_E5_nuc_cyto_area_ratio_FINAL.csv,DnmA
2,1255,6038,0.207850282,DnmA_E5_nuc_cyto_area_ratio_FINAL.csv,DnmA
3,1753,20003,0.087636854,DnmA_E5_nuc_cyto_area_ratio_FINAL.csv,DnmA
4,219,4401,0.049761418,DnmA_E5_nuc_cyto_area_ratio_FINAL.csv,DnmA
1,1490,4324,0.344588344,DnmA_E6_nuc_cyto_area_ratio_FINAL.csv,DnmA
2,1702,5926,0.28720891,DnmA_E6_nuc_cyto_area_ratio_FINAL.csv,DnmA
3,1102,2648,0.416163142,DnmA_E6_nuc_cyto_area_ratio_FINAL.csv,DnmA
4,5082,14449,0.351719842,DnmA_E6_nuc_cyto_area_ratio_FINAL.csv,DnmA
5,860,2656,0.323795181,DnmA_E6_nuc_cyto_area_ratio_FINAL.csv,DnmA
6,632,2300,0.274782609,DnmA_E6_nuc_cyto_area_ratio_FINAL.csv,DnmA
7,816,2270,0.359471366,DnmA_E6_nuc_cyto_area_ratio_FINAL.csv,DnmA
8,745,2432,0.306332237,DnmA_E6_nuc_cyto_area_ratio_FINAL.csv,DnmA
9,474,917,0.516902944,DnmA_E6_nuc_cyto_area_ratio_FINAL.csv,DnmA
10,743,2136,0.347846442,DnmA_E6_nuc_cyto_area_ratio_FINAL.csv,DnmA
11,460,1439,0.319666435,DnmA_E6_nuc_cyto_area_ratio_FINAL.csv,DnmA
12,1069,2920,0.36609589,DnmA_E6_nuc_cyto_area_ratio_FINAL.csv,DnmA
13,287,1676,0.17124105,DnmA_E6_nuc_cyto_area_ratio_FINAL.csv,DnmA
14,368,1801,0.204330927,DnmA_E6_nuc_cyto_area_ratio_FINAL.csv,DnmA
15,297,922,0.322125813,DnmA_E6_nuc_cyto_area_ratio_FINAL.csv,DnmA
16,573,2593,0.22097956,DnmA_E6_nuc_cyto_area_ratio_FINAL.csv,DnmA
17,283,1126,0.251332149,DnmA_E6_nuc_cyto_area_ratio_FINAL.csv,DnmA
18,518,1949,0.265777322,DnmA_E6_nuc_cyto_area_ratio_FINAL.csv,DnmA
19,451,2608,0.172929448,DnmA_E6_nuc_cyto_area_ratio_FINAL.csv,DnmA
20,378,1526,0.247706422,DnmA_E6_nuc_cyto_area_ratio_FINAL.csv,DnmA
21,337,1566,0.215197957,DnmA_E6_nuc_cyto_area_ratio_FINAL.csv,DnmA
22,354,1291,0.274206042,DnmA_E6_nuc_cyto_area_ratio_FINAL.csv,DnmA
23,211,999,0.211211211,DnmA_E6_nuc_cyto_area_ratio_FINAL.csv,DnmA
24,288,1116,0.258064516,DnmA_E6_nuc_cyto_area_ratio_FINAL.csv,DnmA
25,441,1908,0.231132075,DnmA_E6_nuc_cyto_area_ratio_FINAL.csv,DnmA
26,434,3076,0.141092328,DnmA_E6_nuc_cyto_area_ratio_FINAL.csv,DnmA
27,202,1493,0.135298058,DnmA_E6_nuc_cyto_area_ratio_FINAL.csv,DnmA
28,359,1438,0.249652295,DnmA_E6_nuc_cyto_area_ratio_FINAL.csv,DnmA
29,271,789,0.34347275,DnmA_E6_nuc_cyto_area_ratio_FINAL.csv,DnmA
30,215,1042,0.206333973,DnmA_E6_nuc_cyto_area_ratio_FINAL.csv,DnmA
31,252,1330,0.189473684,DnmA_E6_nuc_cyto_area_ratio_FINAL.csv,DnmA
32,309,799,0.386733417,DnmA_E6_nuc_cyto_area_ratio_FINAL.csv,DnmA
33,637,2400,0.265416667,DnmA_E6_nuc_cyto_area_ratio_FINAL.csv,DnmA
34,170,448,0.379464286,DnmA_E6_nuc_cyto_area_ratio_FINAL.csv,DnmA
35,292,1137,0.256816183,DnmA_E6_nuc_cyto_area_ratio_FINAL.csv,DnmA
36,175,985,0.177664975,DnmA_E6_nuc_cyto_area_ratio_FINAL.csv,DnmA
37,368,1091,0.337305225,DnmA_E6_nuc_cyto_area_ratio_FINAL.csv,DnmA
38,170,1277,0.133124511,DnmA_E6_nuc_cyto_area_ratio_FINAL.csv,DnmA
39,227,647,0.350850077,DnmA_E6_nuc_cyto_area_ratio_FINAL.csv,DnmA
40,421,1844,0.228308026,DnmA_E6_nuc_cyto_area_ratio_FINAL.csv,DnmA
41,124,562,0.220640569,DnmA_E6_nuc_cyto_area_ratio_FINAL.csv,DnmA
42,129,1469,0.08781484,DnmA_E6_nuc_cyto_area_ratio_FINAL.csv,DnmA
43,352,1495,0.235451505,DnmA_E6_nuc_cyto_area_ratio_FINAL.csv,DnmA
44,135,598,0.225752508,DnmA_E6_nuc_cyto_area_ratio_FINAL.csv,DnmA
45,239,790,0.302531646,DnmA_E6_nuc_cyto_area_ratio_FINAL.csv,DnmA
46,100,463,0.215982721,DnmA_E6_nuc_cyto_area_ratio_FINAL.csv,DnmA
47,186,1308,0.142201835,DnmA_E6_nuc_cyto_area_ratio_FINAL.csv,DnmA
48,108,364,0.296703297,DnmA_E6_nuc_cyto_area_ratio_FINAL.csv,DnmA
49,503,3681,0.13664765,DnmA_E6_nuc_cyto_area_ratio_FINAL.csv,DnmA
50,101,345,0.292753623,DnmA_E6_nuc_cyto_area_ratio_FINAL.csv,DnmA
51,109,702,0.155270655,DnmA_E6_nuc_cyto_area_ratio_FINAL.csv,DnmA
52,103,1208,0.085264901,DnmA_E6_nuc_cyto_area_ratio_FINAL.csv,DnmA
53,114,924,0.123376623,DnmA_E6_nuc_cyto_area_ratio_FINAL.csv,DnmA
54,96,402,0.23880597,DnmA_E6_nuc_cyto_area_ratio_FINAL.csv,DnmA
55,239,979,0.24412666,DnmA_E6_nuc_cyto_area_ratio_FINAL.csv,DnmA
56,394,2092,0.18833652,DnmA_E6_nuc_cyto_area_ratio_FINAL.csv,DnmA
57,100,555,0.18018018,DnmA_E6_nuc_cyto_area_ratio_FINAL.csv,DnmA
58,87,580,0.15,DnmA_E6_nuc_cyto_area_ratio_FINAL.csv,DnmA
59,87,1138,0.076449912,DnmA_E6_nuc_cyto_area_ratio_FINAL.csv,DnmA
60,84,364,0.230769231,DnmA_E6_nuc_cyto_area_ratio_FINAL.csv,DnmA
61,81,793,0.102143758,DnmA_E6_nuc_cyto_area_ratio_FINAL.csv,DnmA
62,90,418,0.215311005,DnmA_E6_nuc_cyto_area_ratio_FINAL.csv,DnmA
63,80,527,0.151802657,DnmA_E6_nuc_cyto_area_ratio_FINAL.csv,DnmA
64,146,781,0.186939821,DnmA_E6_nuc_cyto_area_ratio_FINAL.csv,DnmA
65,83,397,0.20906801,DnmA_E6_nuc_cyto_area_ratio_FINAL.csv,DnmA
66,83,889,0.09336333,DnmA_E6_nuc_cyto_area_ratio_FINAL.csv,DnmA
67,73,298,0.244966443,DnmA_E6_nuc_cyto_area_ratio_FINAL.csv,DnmA
68,72,1137,0.063324538,DnmA_E6_nuc_cyto_area_ratio_FINAL.csv,DnmA
69,71,743,0.095558546,DnmA_E6_nuc_cyto_area_ratio_FINAL.csv,DnmA
70,65,840,0.077380952,DnmA_E6_nuc_cyto_area_ratio_FINAL.csv,DnmA
71,66,548,0.120437956,DnmA_E6_nuc_cyto_area_ratio_FINAL.csv,DnmA
72,76,537,0.141527002,DnmA_E6_nuc_cyto_area_ratio_FINAL.csv,DnmA
73,64,398,0.16080402,DnmA_E6_nuc_cyto_area_ratio_FINAL.csv,DnmA
74,62,2253,0.027518864,DnmA_E6_nuc_cyto_area_ratio_FINAL.csv,DnmA
75,76,599,0.12687813,DnmA_E6_nuc_cyto_area_ratio_FINAL.csv,DnmA
76,59,249,0.236947791,DnmA_E6_nuc_cyto_area_ratio_FINAL.csv,DnmA
77,63,877,0.071835804,DnmA_E6_nuc_cyto_area_ratio_FINAL.csv,DnmA
78,60,351,0.170940171,DnmA_E6_nuc_cyto_area_ratio_FINAL.csv,DnmA
79,62,341,0.181818182,DnmA_E6_nuc_cyto_area_ratio_FINAL.csv,DnmA
80,57,1128,0.050531915,DnmA_E6_nuc_cyto_area_ratio_FINAL.csv,DnmA
81,58,448,0.129464286,DnmA_E6_nuc_cyto_area_ratio_FINAL.csv,DnmA
82,75,907,0.082690187,DnmA_E6_nuc_cyto_area_ratio_FINAL.csv,DnmA
83,62,1062,0.058380414,DnmA_E6_nuc_cyto_area_ratio_FINAL.csv,DnmA
84,60,136,0.441176471,DnmA_E6_nuc_cyto_area_ratio_FINAL.csv,DnmA
85,58,918,0.063180828,DnmA_E6_nuc_cyto_area_ratio_FINAL.csv,DnmA
86,55,1391,0.039539899,DnmA_E6_nuc_cyto_area_ratio_FINAL.csv,DnmA
1,714,7161,0.099706745,DnmA_E8_nuc_cyto_area_ratio_FINAL.csv,DnmA
2,1004,4342,0.231229848,DnmA_E8_nuc_cyto_area_ratio_FINAL.csv,DnmA
3,611,3681,0.165987503,DnmA_E8_nuc_cyto_area_ratio_FINAL.csv,DnmA
4,538,4642,0.11589832,DnmA_E8_nuc_cyto_area_ratio_FINAL.csv,DnmA
5,752,4560,0.164912281,DnmA_E8_nuc_cyto_area_ratio_FINAL.csv,DnmA
6,473,1644,0.287712895,DnmA_E8_nuc_cyto_area_ratio_FINAL.csv,DnmA
7,560,3708,0.151024811,DnmA_E8_nuc_cyto_area_ratio_FINAL.csv,DnmA
8,466,4068,0.114552606,DnmA_E8_nuc_cyto_area_ratio_FINAL.csv,DnmA
9,520,4468,0.116383169,DnmA_E8_nuc_cyto_area_ratio_FINAL.csv,DnmA
10,477,3771,0.126491647,DnmA_E8_nuc_cyto_area_ratio_FINAL.csv,DnmA
11,481,3771,0.127552373,DnmA_E8_nuc_cyto_area_ratio_FINAL.csv,DnmA
12,495,2062,0.240058196,DnmA_E8_nuc_cyto_area_ratio_FINAL.csv,DnmA
13,460,3730,0.123324397,DnmA_E8_nuc_cyto_area_ratio_FINAL.csv,DnmA
14,456,1496,0.304812834,DnmA_E8_nuc_cyto_area_ratio_FINAL.csv,DnmA
15,453,1273,0.355852317,DnmA_E8_nuc_cyto_area_ratio_FINAL.csv,DnmA
16,453,2337,0.193838254,DnmA_E8_nuc_cyto_area_ratio_FINAL.csv,DnmA
17,731,4662,0.156799657,DnmA_E8_nuc_cyto_area_ratio_FINAL.csv,DnmA
18,421,2446,0.172117743,DnmA_E8_nuc_cyto_area_ratio_FINAL.csv,DnmA
19,415,5955,0.069689337,DnmA_E8_nuc_cyto_area_ratio_FINAL.csv,DnmA
20,494,3137,0.157475295,DnmA_E8_nuc_cyto_area_ratio_FINAL.csv,DnmA
21,394,3908,0.100818833,DnmA_E8_nuc_cyto_area_ratio_FINAL.csv,DnmA
22,737,4995,0.147547548,DnmA_E8_nuc_cyto_area_ratio_FINAL.csv,DnmA
23,398,3925,0.101401274,DnmA_E8_nuc_cyto_area_ratio_FINAL.csv,DnmA
24,462,4237,0.109039415,DnmA_E8_nuc_cyto_area_ratio_FINAL.csv,DnmA
25,351,3801,0.09234412,DnmA_E8_nuc_cyto_area_ratio_FINAL.csv,DnmA
26,386,3908,0.09877175,DnmA_E8_nuc_cyto_area_ratio_FINAL.csv,DnmA
27,380,5747,0.066121455,DnmA_E8_nuc_cyto_area_ratio_FINAL.csv,DnmA
28,376,4761,0.078975005,DnmA_E8_nuc_cyto_area_ratio_FINAL.csv,DnmA
29,380,3183,0.119384229,DnmA_E8_nuc_cyto_area_ratio_FINAL.csv,DnmA
30,401,3938,0.101828339,DnmA_E8_nuc_cyto_area_ratio_FINAL.csv,DnmA
31,377,2512,0.150079618,DnmA_E8_nuc_cyto_area_ratio_FINAL.csv,DnmA
32,1008,5264,0.191489362,DnmA_E8_nuc_cyto_area_ratio_FINAL.csv,DnmA
33,333,3150,0.105714286,DnmA_E8_nuc_cyto_area_ratio_FINAL.csv,DnmA
34,401,2512,0.159633758,DnmA_E8_nuc_cyto_area_ratio_FINAL.csv,DnmA
35,344,4104,0.083820663,DnmA_E8_nuc_cyto_area_ratio_FINAL.csv,DnmA
36,681,4530,0.150331126,DnmA_E8_nuc_cyto_area_ratio_FINAL.csv,DnmA
37,378,1137,0.332453826,DnmA_E8_nuc_cyto_area_ratio_FINAL.csv,DnmA
38,377,3878,0.097215059,DnmA_E8_nuc_cyto_area_ratio_FINAL.csv,DnmA
39,351,1191,0.294710327,DnmA_E8_nuc_cyto_area_ratio_FINAL.csv,DnmA
40,654,3911,0.16722066,DnmA_E8_nuc_cyto_area_ratio_FINAL.csv,DnmA
41,361,820,0.440243902,DnmA_E8_nuc_cyto_area_ratio_FINAL.csv,DnmA
42,342,3810,0.08976378,DnmA_E8_nuc_cyto_area_ratio_FINAL.csv,DnmA
43,292,3840,0.076041667,DnmA_E8_nuc_cyto_area_ratio_FINAL.csv,DnmA
44,303,3261,0.092916283,DnmA_E8_nuc_cyto_area_ratio_FINAL.csv,DnmA
45,358,1914,0.187042842,DnmA_E8_nuc_cyto_area_ratio_FINAL.csv,DnmA
46,679,4139,0.164049287,DnmA_E8_nuc_cyto_area_ratio_FINAL.csv,DnmA
47,310,2714,0.11422255,DnmA_E8_nuc_cyto_area_ratio_FINAL.csv,DnmA
48,581,2983,0.194770365,DnmA_E8_nuc_cyto_area_ratio_FINAL.csv,DnmA
49,551,7298,0.075500137,DnmA_E8_nuc_cyto_area_ratio_FINAL.csv,DnmA
50,586,4704,0.12457483,DnmA_E8_nuc_cyto_area_ratio_FINAL.csv,DnmA
51,378,3921,0.096403979,DnmA_E8_nuc_cyto_area_ratio_FINAL.csv,DnmA
52,321,1345,0.23866171,DnmA_E8_nuc_cyto_area_ratio_FINAL.csv,DnmA
53,281,963,0.291796469,DnmA_E8_nuc_cyto_area_ratio_FINAL.csv,DnmA
54,315,5019,0.062761506,DnmA_E8_nuc_cyto_area_ratio_FINAL.csv,DnmA
55,275,4008,0.068612774,DnmA_E8_nuc_cyto_area_ratio_FINAL.csv,DnmA
56,513,4152,0.123554913,DnmA_E8_nuc_cyto_area_ratio_FINAL.csv,DnmA
57,254,2339,0.108593416,DnmA_E8_nuc_cyto_area_ratio_FINAL.csv,DnmA
58,593,4875,0.121641026,DnmA_E8_nuc_cyto_area_ratio_FINAL.csv,DnmA
59,269,3316,0.081121834,DnmA_E8_nuc_cyto_area_ratio_FINAL.csv,DnmA
60,524,3881,0.135016748,DnmA_E8_nuc_cyto_area_ratio_FINAL.csv,DnmA
61,292,5087,0.057401219,DnmA_E8_nuc_cyto_area_ratio_FINAL.csv,DnmA
62,556,4965,0.111983887,DnmA_E8_nuc_cyto_area_ratio_FINAL.csv,DnmA
63,290,2753,0.105339629,DnmA_E8_nuc_cyto_area_ratio_FINAL.csv,DnmA
64,275,2207,0.124603534,DnmA_E8_nuc_cyto_area_ratio_FINAL.csv,DnmA
65,281,2807,0.100106876,DnmA_E8_nuc_cyto_area_ratio_FINAL.csv,DnmA
66,264,3985,0.066248432,DnmA_E8_nuc_cyto_area_ratio_FINAL.csv,DnmA
67,443,3367,0.131571132,DnmA_E8_nuc_cyto_area_ratio_FINAL.csv,DnmA
68,264,3652,0.072289157,DnmA_E8_nuc_cyto_area_ratio_FINAL.csv,DnmA
69,285,3650,0.078082192,DnmA_E8_nuc_cyto_area_ratio_FINAL.csv,DnmA
70,281,3632,0.077367841,DnmA_E8_nuc_cyto_area_ratio_FINAL.csv,DnmA
71,238,2987,0.079678607,DnmA_E8_nuc_cyto_area_ratio_FINAL.csv,DnmA
72,243,4329,0.056133056,DnmA_E8_nuc_cyto_area_ratio_FINAL.csv,DnmA
73,246,2321,0.105988798,DnmA_E8_nuc_cyto_area_ratio_FINAL.csv,DnmA
74,247,3132,0.078863346,DnmA_E8_nuc_cyto_area_ratio_FINAL.csv,DnmA
75,246,2958,0.0831643,DnmA_E8_nuc_cyto_area_ratio_FINAL.csv,DnmA
76,208,1802,0.115427303,DnmA_E8_nuc_cyto_area_ratio_FINAL.csv,DnmA
77,241,956,0.25209205,DnmA_E8_nuc_cyto_area_ratio_FINAL.csv,DnmA
78,231,1084,0.213099631,DnmA_E8_nuc_cyto_area_ratio_FINAL.csv,DnmA
79,205,1988,0.103118712,DnmA_E8_nuc_cyto_area_ratio_FINAL.csv,DnmA
80,201,1354,0.14844904,DnmA_E8_nuc_cyto_area_ratio_FINAL.csv,DnmA
81,185,2035,0.090909091,DnmA_E8_nuc_cyto_area_ratio_FINAL.csv,DnmA
82,197,3961,0.049734915,DnmA_E8_nuc_cyto_area_ratio_FINAL.csv,DnmA
83,206,2327,0.088525999,DnmA_E8_nuc_cyto_area_ratio_FINAL.csv,DnmA
84,353,2726,0.129493764,DnmA_E8_nuc_cyto_area_ratio_FINAL.csv,DnmA
85,242,3134,0.077217613,DnmA_E8_nuc_cyto_area_ratio_FINAL.csv,DnmA
86,182,3569,0.050994676,DnmA_E8_nuc_cyto_area_ratio_FINAL.csv,DnmA
87,171,3209,0.053287629,DnmA_E8_nuc_cyto_area_ratio_FINAL.csv,DnmA
88,137,608,0.225328947,DnmA_E8_nuc_cyto_area_ratio_FINAL.csv,DnmA
89,162,3630,0.044628099,DnmA_E8_nuc_cyto_area_ratio_FINAL.csv,DnmA
90,246,4736,0.051942568,DnmA_E8_nuc_cyto_area_ratio_FINAL.csv,DnmA
91,64,881,0.072644722,DnmA_E8_nuc_cyto_area_ratio_FINAL.csv,DnmA
